{
  "K_gap_cert": 48.983020481367966,
  "K_gap_cert_denominator": 140737488355328,
  "K_gap_cert_exact": {
    "denominator": 140737488355328,
    "numerator": 6893747274605317
  },
  "K_gap_cert_hex": "0x1.87dd39d796305p+5",
  "K_gap_cert_numerator": 6893747274605317,
  "K_gap_exact": {
    "denominator": 9007199254740992,
    "numerator": 441199825574740231
  },
  "K_gap_exact_denominator": 9007199254740992,
  "K_gap_exact_numerator": 441199825574740231,
  "K_gap_from_W_upper_exact": {
    "denominator": 140737488355328,
    "numerator": 6893747274605317
  },
  "Lambda_I": 12,
  "N_effective_qubits": 12,
  "W_exact": {
    "denominator": 9007199254740992,
    "numerator": 333113434517848327
  },
  "W_exact_denominator": 9007199254740992,
  "W_exact_numerator": 333113434517848327,
  "W_model": 36.98302048136796,
  "W_model_hex": "0x1.27dd39d796304p+5",
  "W_upper": 36.983020481367966,
  "W_upper_denominator": 140737488355328,
  "W_upper_exact": {
    "denominator": 140737488355328,
    "numerator": 5204897414341381
  },
  "W_upper_hex": "0x1.27dd39d796305p+5",
  "W_upper_numerator": 5204897414341381,
  "analytic_inequality": "-Lambda_I I <= D <= W_exact I <= W_upper I and diameter(D) <= K_gap_cert",
  "edge_list": [
    [
      0,
      2,
      0.5940738254615245
    ],
    [
      0,
      3,
      1.1215090383806794
    ],
    [
      0,
      4,
      1.3746323779455376
    ],
    [
      0,
      6,
      1.302420962865904
    ],
    [
      0,
      7,
      1.195623914898594
    ],
    [
      0,
      8,
      1.1916197559832664
    ],
    [
      0,
      12,
      0.8949106472756698
    ],
    [
      1,
      2,
      1.4556696952798585
    ],
    [
      1,
      3,
      1.0610769947263297
    ],
    [
      1,
      4,
      0.6387275508007576
    ],
    [
      1,
      5,
      1.2694150538287143
    ],
    [
      1,
      6,
      1.1793145872581863
    ],
    [
      1,
      8,
      1.2298848580466721
    ],
    [
      1,
      11,
      1.4744991206740012
    ],
    [
      2,
      6,
      0.5579653704695656
    ],
    [
      2,
      10,
      1.4456830064442003
    ],
    [
      2,
      11,
      0.5702522520523774
    ],
    [
      3,
      9,
      0.8190761131061276
    ],
    [
      3,
      11,
      0.7013136256651553
    ],
    [
      3,
      12,
      0.9602472528899494
    ],
    [
      4,
      9,
      0.6608936533418627
    ],
    [
      4,
      11,
      1.1536987913139447
    ],
    [
      4,
      12,
      0.640712225618848
    ],
    [
      5,
      7,
      0.6233914817824759
    ],
    [
      5,
      9,
      0.5806870434897997
    ],
    [
      5,
      12,
      1.1768943639816967
    ],
    [
      6,
      7,
      1.4919802734068892
    ],
    [
      6,
      8,
      1.2163970928858276
    ],
    [
      6,
      11,
      1.30829987212345
    ],
    [
      6,
      12,
      1.0377045512223901
    ],
    [
      7,
      10,
      1.4871159107374796
    ],
    [
      8,
      10,
      0.8450950471108741
    ],
    [
      8,
      11,
      0.8034936825444713
    ],
    [
      8,
      12,
      1.1643126742122283
    ],
    [
      9,
      10,
      0.7787283691973838
    ],
    [
      9,
      12,
      0.9756994443452663
    ]
  ],
  "edge_payload_sha256": "e384d5848907fb0548efcd553e2a1acf3b4060e0cd06776c2b744ac030d0ecf3",
  "edge_weight_hex": [
    "0x1.302a71c788a1ep-1",
    "0x1.1f1b3762036ffp+0",
    "0x1.5fe7e8534c7dep+0",
    "0x1.4d6b75d122468p+0",
    "0x1.321468acce112p+0",
    "0x1.310dfe0937338p+0",
    "0x1.ca31ba75c84a8p-1",
    "0x1.74a6c4e70159ep+0",
    "0x1.0fa2bdeee3368p+0",
    "0x1.47074c2b7ca33p-1",
    "0x1.44f8628d3e918p+0",
    "0x1.2de78f8ff83aep+0",
    "0x1.3ad9bbeb27f38p+0",
    "0x1.7978c63d468d4p+0",
    "0x1.1dada314ef431p-1",
    "0x1.721848110f907p+0",
    "0x1.23f81a6a12142p-1",
    "0x1.a35df1bd7383dp-1",
    "0x1.6712945cf12aap-1",
    "0x1.eba5872678ebdp-1",
    "0x1.5260a726797a5p-1",
    "0x1.2758cdd220cc9p+0",
    "0x1.480b6ece5c53ap-1",
    "0x1.3f2d2b15b8af8p-1",
    "0x1.294fcfe9ffce2p-1",
    "0x1.2d48f2f425ea6p+0",
    "0x1.7df26b508f4a5p+0",
    "0x1.3765ccc4e4e40p+0",
    "0x1.4eecbd8c21965p+0",
    "0x1.09a7016669180p+0",
    "0x1.7cb3a0d9fa8e1p+0",
    "0x1.b0b04c4ab4a01p-1",
    "0x1.9b63862224689p-1",
    "0x1.2a10653a0f509p+0",
    "0x1.8eb57c1c57217p-1",
    "0x1.f38ee0a86067bp-1"
  ],
  "edge_weight_semantics": "archived binary64 values interpreted as exact dyadic rationals",
  "edge_weights_sum": 36.98302048136796,
  "edge_weights_sum_hex": "0x1.27dd39d796304p+5",
  "edge_weights_sum_semantics": "compatibility alias of W_model",
  "generation": {
    "attempts": 1,
    "rng_bit_generator": "PCG64",
    "seed": 16
  },
  "graph_model": {
    "acceptance_conditions": [
      "connected",
      "nondegenerate pinned optimum"
    ],
    "edge_weight_distribution": "independent uniform [0.5, 1.5)",
    "name": "Erdos-Renyi",
    "p": 0.5,
    "p_hex": "0x1.0000000000000p-1"
  },
  "graph_record_hash_scope": "SHA-256 of canonical JSON for every record field except graph_record_sha256",
  "graph_record_sha256": "798cbd55f3c5a9afc22c0ca767285f98a4a24748e37e2fedb3635b83208c9a45",
  "n_vertices": 13,
  "num_edges": 36,
  "provenance": {
    "repository": {
      "head": "60ec3ad30931968819e5d02e590a47bcc02d2663",
      "source_sha256": {
        "main.py": "a6cade752c8530480b3741b86a17762b16f83f42c3eb3e5951321a19af1c0b47",
        "maxcut_gap_benchmark.py": "addb3bac26421d3de0d2bf7858e599a4b9187e5a902564dec63be983816442b7"
      }
    },
    "software": {
      "numpy": "2.2.1",
      "python": "3.12.10",
      "scipy": "1.15.0"
    }
  },
  "record_type": "generated_weighted_graph_instance",
  "rounding_policy": "W_upper is the least binary64 >= W_exact; K_gap_cert is the least binary64 >= exact_binary64(W_upper)+Lambda_I",
  "row_key": {
    "N": 12,
    "seed": 16
  },
  "schema_version": 2
}
