{
  "K_gap_cert": 47.35461550176365,
  "K_gap_cert_denominator": 4398046511104,
  "K_gap_cert_exact": {
    "denominator": 4398046511104,
    "numerator": 208267801492203
  },
  "K_gap_cert_hex": "0x1.7ad640a6f5d60p+5",
  "K_gap_cert_numerator": 208267801492203,
  "K_gap_exact": {
    "denominator": 562949953421312,
    "numerator": 26658278591001981
  },
  "K_gap_exact_denominator": 562949953421312,
  "K_gap_exact_numerator": 26658278591001981,
  "K_gap_from_W_upper_exact": {
    "denominator": 4398046511104,
    "numerator": 208267801492203
  },
  "Lambda_I": 12,
  "N_effective_qubits": 12,
  "W_exact": {
    "denominator": 562949953421312,
    "numerator": 19902879149946237
  },
  "W_exact_denominator": 562949953421312,
  "W_exact_numerator": 19902879149946237,
  "W_model": 35.35461550176364,
  "W_model_hex": "0x1.1ad640a6f5d5fp+5",
  "W_upper": 35.35461550176365,
  "W_upper_denominator": 4398046511104,
  "W_upper_exact": {
    "denominator": 4398046511104,
    "numerator": 155491243358955
  },
  "W_upper_hex": "0x1.1ad640a6f5d60p+5",
  "W_upper_numerator": 155491243358955,
  "analytic_inequality": "-Lambda_I I <= D <= W_exact I <= W_upper I and diameter(D) <= K_gap_cert",
  "edge_list": [
    [
      0,
      1,
      1.4467529428594246
    ],
    [
      0,
      2,
      0.6792914104181076
    ],
    [
      0,
      3,
      0.7305412465899059
    ],
    [
      0,
      5,
      1.3963093737046806
    ],
    [
      0,
      7,
      1.0414661617187941
    ],
    [
      0,
      8,
      0.7579549587609903
    ],
    [
      0,
      9,
      0.9536161218532765
    ],
    [
      0,
      10,
      1.4275167008723262
    ],
    [
      0,
      11,
      0.6878902107845379
    ],
    [
      1,
      5,
      1.4366961249291337
    ],
    [
      1,
      8,
      0.7193899345083382
    ],
    [
      1,
      12,
      0.6343517372983926
    ],
    [
      2,
      4,
      1.445600681298606
    ],
    [
      2,
      5,
      1.100110285529601
    ],
    [
      2,
      6,
      0.8238950521340761
    ],
    [
      2,
      7,
      1.2803828012931047
    ],
    [
      3,
      6,
      0.722213898290922
    ],
    [
      3,
      9,
      1.300778001108104
    ],
    [
      3,
      12,
      1.398157197508679
    ],
    [
      4,
      6,
      1.1867601140293602
    ],
    [
      4,
      8,
      0.7911071485409982
    ],
    [
      4,
      11,
      0.9044728372039633
    ],
    [
      5,
      8,
      1.3917368501350285
    ],
    [
      5,
      10,
      0.7106288426564963
    ],
    [
      5,
      11,
      0.5773905017877833
    ],
    [
      6,
      7,
      1.1917732643122774
    ],
    [
      6,
      8,
      1.3712098784014852
    ],
    [
      6,
      12,
      0.6930171902599044
    ],
    [
      7,
      9,
      1.0213416066410423
    ],
    [
      7,
      10,
      0.6083937958914211
    ],
    [
      8,
      9,
      1.2945913891124674
    ],
    [
      9,
      10,
      0.6501296401251913
    ],
    [
      9,
      11,
      0.5070799440904429
    ],
    [
      9,
      12,
      1.2511387964878882
    ],
    [
      10,
      12,
      1.2209288606268904
    ]
  ],
  "edge_payload_sha256": "f391fde2ae56894023e22ed2bcc7e6e03d1ffadfac3f35f2fce16c811c2f0498",
  "edge_weight_hex": [
    "0x1.725e669ef9159p+0",
    "0x1.5bcc157066230p-1",
    "0x1.76098094f726cp-1",
    "0x1.657487f728ebap+0",
    "0x1.0a9d86c0790dep+0",
    "0x1.8412ac1f705ffp-1",
    "0x1.e8405f5098aa3p-1",
    "0x1.6d71bc08bd8e8p+0",
    "0x1.6033254d1dc42p-1",
    "0x1.6fcb5136dc4dap+0",
    "0x1.7053e0a391ddbp-1",
    "0x1.44c9c03bb6fa7p-1",
    "0x1.7212e2e140b99p+0",
    "0x1.19a0d3e257c59p+0",
    "0x1.a5d59280810f9p-1",
    "0x1.47c72ad1ea2d2p+0",
    "0x1.71c60523c09abp-1",
    "0x1.4cffc97e1d954p+0",
    "0x1.65eda14df77f8p+0",
    "0x1.2fcf82c5f40dap+0",
    "0x1.950bff053b15ep-1",
    "0x1.cf17104fd29d1p-1",
    "0x1.6448ddbff7ceep+0",
    "0x1.6bd78b2d9ba37p-1",
    "0x1.279fba54662c9p-1",
    "0x1.31180d7a77e8cp+0",
    "0x1.5f079c4fafbf8p+0",
    "0x1.62d3262f76d5bp-1",
    "0x1.0576a4be913f6p+0",
    "0x1.377f6440e2cabp-1",
    "0x1.4b6a575debd79p+0",
    "0x1.4cddcaccfef2cp-1",
    "0x1.039ffb80a6e45p-1",
    "0x1.404aa1d5ac1a8p+0",
    "0x1.388ecb372291cp+0"
  ],
  "edge_weight_semantics": "archived binary64 values interpreted as exact dyadic rationals",
  "edge_weights_sum": 35.35461550176364,
  "edge_weights_sum_hex": "0x1.1ad640a6f5d5fp+5",
  "edge_weights_sum_semantics": "compatibility alias of W_model",
  "generation": {
    "attempts": 1,
    "rng_bit_generator": "PCG64",
    "seed": 12
  },
  "graph_model": {
    "acceptance_conditions": [
      "connected",
      "nondegenerate pinned optimum"
    ],
    "edge_weight_distribution": "independent uniform [0.5, 1.5)",
    "name": "Erdos-Renyi",
    "p": 0.5,
    "p_hex": "0x1.0000000000000p-1"
  },
  "graph_record_hash_scope": "SHA-256 of canonical JSON for every record field except graph_record_sha256",
  "graph_record_sha256": "edda2c9fce17b87c6fb03544974017d06b23d3cf46bf5255e0367028ccf95995",
  "n_vertices": 13,
  "num_edges": 35,
  "provenance": {
    "repository": {
      "head": "60ec3ad30931968819e5d02e590a47bcc02d2663",
      "source_sha256": {
        "main.py": "a6cade752c8530480b3741b86a17762b16f83f42c3eb3e5951321a19af1c0b47",
        "maxcut_gap_benchmark.py": "addb3bac26421d3de0d2bf7858e599a4b9187e5a902564dec63be983816442b7"
      }
    },
    "software": {
      "numpy": "2.2.1",
      "python": "3.12.10",
      "scipy": "1.15.0"
    }
  },
  "record_type": "generated_weighted_graph_instance",
  "rounding_policy": "W_upper is the least binary64 >= W_exact; K_gap_cert is the least binary64 >= exact_binary64(W_upper)+Lambda_I",
  "row_key": {
    "N": 12,
    "seed": 12
  },
  "schema_version": 2
}
