{
  "K_gap_cert": 76.36127461635877,
  "K_gap_cert_denominator": 35184372088832,
  "K_gap_cert_exact": {
    "denominator": 35184372088832,
    "numerator": 2686723499279449
  },
  "K_gap_cert_hex": "0x1.3171f1f9188b2p+6",
  "K_gap_cert_numerator": 2686723499279449,
  "K_gap_exact": {
    "denominator": 9007199254740992,
    "numerator": 687801215815538939
  },
  "K_gap_exact_denominator": 9007199254740992,
  "K_gap_exact_numerator": 687801215815538939,
  "K_gap_from_W_upper_exact": {
    "denominator": 35184372088832,
    "numerator": 2686723499279449
  },
  "Lambda_I": 14,
  "N_effective_qubits": 14,
  "W_exact": {
    "denominator": 9007199254740992,
    "numerator": 561700426249165051
  },
  "W_exact_denominator": 9007199254740992,
  "W_exact_numerator": 561700426249165051,
  "W_model": 62.36127461635877,
  "W_model_hex": "0x1.f2e3e3f231164p+5",
  "W_upper": 62.36127461635877,
  "W_upper_denominator": 35184372088832,
  "W_upper_exact": {
    "denominator": 35184372088832,
    "numerator": 2194142290035801
  },
  "W_upper_hex": "0x1.f2e3e3f231164p+5",
  "W_upper_numerator": 2194142290035801,
  "analytic_inequality": "-Lambda_I I <= D <= W_exact I <= W_upper I and diameter(D) <= K_gap_cert",
  "edge_list": [
    [
      0,
      2,
      1.3284448852745308
    ],
    [
      0,
      3,
      1.012804616436565
    ],
    [
      0,
      4,
      1.189036479781131
    ],
    [
      0,
      6,
      1.4569260034533662
    ],
    [
      0,
      8,
      1.0757605479445136
    ],
    [
      0,
      12,
      1.2455802110439373
    ],
    [
      0,
      13,
      1.4065287561129267
    ],
    [
      0,
      14,
      1.3532397499056064
    ],
    [
      1,
      2,
      1.4698303682063218
    ],
    [
      1,
      4,
      0.7824335171646796
    ],
    [
      1,
      6,
      1.1786487735081428
    ],
    [
      1,
      7,
      0.7497755193962832
    ],
    [
      1,
      10,
      0.6494149005809883
    ],
    [
      1,
      11,
      0.7489209375914964
    ],
    [
      1,
      12,
      1.1490790566244355
    ],
    [
      2,
      3,
      0.6485687382723238
    ],
    [
      2,
      4,
      0.9378643576888003
    ],
    [
      2,
      6,
      1.133825057362099
    ],
    [
      2,
      7,
      0.7330904742314384
    ],
    [
      2,
      13,
      1.2386706750360057
    ],
    [
      3,
      4,
      0.7710244176062538
    ],
    [
      3,
      6,
      1.3167344595207267
    ],
    [
      3,
      8,
      1.3332293141268652
    ],
    [
      3,
      9,
      1.0197915069452888
    ],
    [
      3,
      11,
      0.8332168863569819
    ],
    [
      3,
      12,
      0.9575589323943279
    ],
    [
      4,
      6,
      1.0086293600148086
    ],
    [
      4,
      7,
      0.6726007045955006
    ],
    [
      4,
      8,
      1.1485672785901764
    ],
    [
      4,
      9,
      1.133708433885892
    ],
    [
      4,
      10,
      0.6859599237566839
    ],
    [
      4,
      11,
      0.8536850815497155
    ],
    [
      4,
      12,
      1.2095610049633247
    ],
    [
      4,
      14,
      1.1259227492601427
    ],
    [
      5,
      6,
      0.9272562416197231
    ],
    [
      5,
      9,
      0.5198750536953026
    ],
    [
      5,
      10,
      1.3953020285437225
    ],
    [
      5,
      11,
      0.9443521295452608
    ],
    [
      5,
      12,
      1.3096859408879167
    ],
    [
      5,
      13,
      0.8569255729375916
    ],
    [
      5,
      14,
      1.3358738755196609
    ],
    [
      6,
      7,
      0.5497450822520609
    ],
    [
      6,
      9,
      0.6820274987533028
    ],
    [
      6,
      10,
      1.0435875534095604
    ],
    [
      6,
      12,
      0.9563952168765419
    ],
    [
      7,
      9,
      0.8728713724573951
    ],
    [
      7,
      10,
      0.6108531185486028
    ],
    [
      7,
      13,
      1.225287326544031
    ],
    [
      8,
      9,
      1.3557573221600239
    ],
    [
      8,
      12,
      0.6831597597889549
    ],
    [
      9,
      11,
      1.4095800297214227
    ],
    [
      9,
      13,
      1.3702499838203144
    ],
    [
      9,
      14,
      0.5262016279393913
    ],
    [
      10,
      11,
      0.9737529757671758
    ],
    [
      10,
      12,
      0.5145486003805398
    ],
    [
      10,
      13,
      1.278662116937057
    ],
    [
      10,
      14,
      0.7062103898158868
    ],
    [
      11,
      13,
      0.8722071846305192
    ],
    [
      11,
      14,
      1.1820603688378188
    ],
    [
      12,
      13,
      1.3445531772377846
    ],
    [
      12,
      14,
      1.3556593885489272
    ]
  ],
  "edge_payload_sha256": "18dd6b31dd0ba24c5d2241b2bf45a480d89f4e7ce427e1e2768a9a7a8ff1cff0",
  "edge_weight_hex": [
    "0x1.5414f6c8cae6ap+0",
    "0x1.034729d0d5370p+0",
    "0x1.3064b1da69324p+0",
    "0x1.74f91a4186316p+0",
    "0x1.13650b13bfac8p+0",
    "0x1.3ede583efa7e4p+0",
    "0x1.681244c0637a0p+0",
    "0x1.5a6deb957de68p+0",
    "0x1.7846cd921d216p+0",
    "0x1.909b203f0879bp-1",
    "0x1.2dbbed0fb01fcp+0",
    "0x1.7fe293ae4c01ap-1",
    "0x1.4c801c1f0f955p-1",
    "0x1.7f7290ac7d823p-1",
    "0x1.262a0b88b8719p+0",
    "0x1.4c1133a02cdbcp-1",
    "0x1.e02fc1d0b702dp-1",
    "0x1.22425be4c16b0p+0",
    "0x1.7757a277aa93cp-1",
    "0x1.3d198577cb3c4p+0",
    "0x1.8ac3b6641296dp-1",
    "0x1.511582712862cp+0",
    "0x1.554e842e3e4f4p+0",
    "0x1.05110e63118dfp+0",
    "0x1.aa9b675ac1a19p-1",
    "0x1.ea452a1540ac2p-1",
    "0x1.023588a30c8c2p+0",
    "0x1.585f1e9b022abp-1",
    "0x1.26088152ccef7p+0",
    "0x1.223ab746bd41cp+0",
    "0x1.5f36239dcd9ffp-1",
    "0x1.b5163604ada14p-1",
    "0x1.35a5ca3ed5998p+0",
    "0x1.203c7929e50c7p+0",
    "0x1.dac154818983fp-1",
    "0x1.0a2d10234150bp-1",
    "0x1.65328384a3436p+0",
    "0x1.e3821f509c156p-1",
    "0x1.4f4793ec2503fp+0",
    "0x1.b6bef2ddbefc5p-1",
    "0x1.55fbd48ef00e5p+0",
    "0x1.19782ffad1a10p-1",
    "0x1.5d32b5543c79cp-1",
    "0x1.0b288dcc681e8p+0",
    "0x1.e9aca2451236ep-1",
    "0x1.bee8ff1ca3674p-1",
    "0x1.38c1bd6da6d72p-1",
    "0x1.39ac6e23b5bb1p+0",
    "0x1.5b12e96ffd661p+0",
    "0x1.5dc71db4793aep-1",
    "0x1.68da3ca0bf8b4p+0",
    "0x1.5ec8b3f3da4fcp+0",
    "0x1.0d6a4cbe340aep-1",
    "0x1.f28fc0029afb9p-1",
    "0x1.0772ea05ac8a3p-1",
    "0x1.47566686e0f83p+0",
    "0x1.69946880b5941p-1",
    "0x1.be91f0aaa60c7p-1",
    "0x1.2e9b82220e5e8p+0",
    "0x1.5834a313f81bfp+0",
    "0x1.5b0c7e62553f7p+0"
  ],
  "edge_weight_semantics": "archived binary64 values interpreted as exact dyadic rationals",
  "edge_weights_sum": 62.36127461635877,
  "edge_weights_sum_hex": "0x1.f2e3e3f231164p+5",
  "edge_weights_sum_semantics": "compatibility alias of W_model",
  "generation": {
    "attempts": 1,
    "rng_bit_generator": "PCG64",
    "seed": 10
  },
  "graph_model": {
    "acceptance_conditions": [
      "connected",
      "nondegenerate pinned optimum"
    ],
    "edge_weight_distribution": "independent uniform [0.5, 1.5)",
    "name": "Erdos-Renyi",
    "p": 0.5,
    "p_hex": "0x1.0000000000000p-1"
  },
  "graph_record_hash_scope": "SHA-256 of canonical JSON for every record field except graph_record_sha256",
  "graph_record_sha256": "1ffb525ec351a95a74c417bb351570dc4468cfeacd4ea48b5b540bf4a40489ec",
  "n_vertices": 15,
  "num_edges": 61,
  "provenance": {
    "repository": {
      "head": "cd99526a98bbb29fcec23fe075f17f34d9efa83f",
      "source_sha256": {
        "main.py": "a6cade752c8530480b3741b86a17762b16f83f42c3eb3e5951321a19af1c0b47",
        "maxcut_gap_benchmark.py": "addb3bac26421d3de0d2bf7858e599a4b9187e5a902564dec63be983816442b7"
      }
    },
    "software": {
      "numpy": "2.2.1",
      "python": "3.12.10",
      "scipy": "1.15.0"
    }
  },
  "record_type": "generated_weighted_graph_instance",
  "rounding_policy": "W_upper is the least binary64 >= W_exact; K_gap_cert is the least binary64 >= exact_binary64(W_upper)+Lambda_I",