{
  "K_gap_cert": 57.6659995586092,
  "K_gap_cert_denominator": 2199023255552,
  "K_gap_cert_exact": {
    "denominator": 2199023255552,
    "numerator": 126808874084033
  },
  "K_gap_cert_hex": "0x1.cd53f7939b040p+5",
  "K_gap_cert_numerator": 126808874084033,
  "K_gap_exact": {
    "denominator": 4503599627370496,
    "numerator": 259704574124099557
  },
  "K_gap_exact_denominator": 4503599627370496,
  "K_gap_exact_numerator": 259704574124099557,
  "K_gap_from_W_upper_exact": {
    "denominator": 2199023255552,
    "numerator": 126808874084033
  },
  "Lambda_I": 14,
  "N_effective_qubits": 14,
  "W_exact": {
    "denominator": 4503599627370496,
    "numerator": 196654179340912613
  },
  "W_exact_denominator": 4503599627370496,
  "W_exact_numerator": 196654179340912613,
  "W_model": 43.665999558609194,
  "W_model_hex": "0x1.5d53f7939b03fp+5",
  "W_upper": 43.6659995586092,
  "W_upper_denominator": 2199023255552,
  "W_upper_exact": {
    "denominator": 2199023255552,
    "numerator": 96022548506305
  },
  "W_upper_hex": "0x1.5d53f7939b040p+5",
  "W_upper_numerator": 96022548506305,
  "analytic_inequality": "-Lambda_I I <= D <= W_exact I <= W_upper I and diameter(D) <= K_gap_cert",
  "edge_list": [
    [
      0,
      1,
      1.2174146792882161
    ],
    [
      0,
      2,
      0.5827249179981163
    ],
    [
      0,
      7,
      0.622401989847857
    ],
    [
      0,
      8,
      1.236208582684992
    ],
    [
      0,
      12,
      1.2380385851991211
    ],
    [
      1,
      3,
      1.1261661110164427
    ],
    [
      1,
      5,
      1.4210438272143748
    ],
    [
      1,
      6,
      0.8757060727228546
    ],
    [
      1,
      10,
      1.3803162171689392
    ],
    [
      1,
      11,
      1.3735156582383974
    ],
    [
      1,
      12,
      1.125719523368554
    ],
    [
      1,
      14,
      0.670897997484897
    ],
    [
      2,
      4,
      0.5170306795873234
    ],
    [
      2,
      5,
      0.8947450036018292
    ],
    [
      2,
      8,
      0.7245050194569246
    ],
    [
      2,
      9,
      0.5225022784143404
    ],
    [
      2,
      10,
      1.251888798131534
    ],
    [
      2,
      11,
      0.848103144306326
    ],
    [
      2,
      12,
      0.7406481520812507
    ],
    [
      3,
      8,
      1.1969956254960645
    ],
    [
      3,
      13,
      1.2259500167879473
    ],
    [
      4,
      6,
      0.7523480951345237
    ],
    [
      4,
      12,
      1.0104667796946263
    ],
    [
      4,
      13,
      0.5197918396082631
    ],
    [
      5,
      6,
      0.5392682021928981
    ],
    [
      5,
      7,
      0.5827535311385339
    ],
    [
      5,
      9,
      1.148546038736357
    ],
    [
      5,
      10,
      1.481900325480837
    ],
    [
      5,
      14,
      0.7395418593907187
    ],
    [
      6,
      10,
      1.4868305006530744
    ],
    [
      6,
      11,
      0.6019162763834528
    ],
    [
      6,
      14,
      0.8371005168108343
    ],
    [
      7,
      10,
      1.039082220743344
    ],
    [
      7,
      11,
      1.149715423474666
    ],
    [
      7,
      12,
      0.7033770535442788
    ],
    [
      7,
      14,
      1.4810704568281743
    ],
    [
      8,
      14,
      0.645617605945001
    ],
    [
      9,
      10,
      0.5412465835696989
    ],
    [
      9,
      11,
      0.9096121781105336
    ],
    [
      9,
      14,
      1.030247539782771
    ],
    [
      10,
      12,
      0.8229147559345444
    ],
    [
      10,
      13,
      0.6529581923660037
    ],
    [
      10,
      14,
      0.6758156930794744
    ],
    [
      12,
      13,
      1.0798051792464927
    ],
    [
      12,
      14,
      0.9465494110882947
    ],
    [
      13,
      14,
      1.4950004195754953
    ]
  ],
  "edge_payload_sha256": "d78aaf4ab026164aee7c96aeed45798960a8ea907a9dfc76b91f8b582dd92d07",
  "edge_weight_hex": [
    "0x1.37a87d0936956p+0",
    "0x1.2a5aeba2bb7d7p-1",
    "0x1.3eab793eb9470p-1",
    "0x1.3c782a69aaa33p+0",
    "0x1.3cf018c29dc82p+0",
    "0x1.204c6c18addb4p+0",
    "0x1.6bc9873c1183ap+0",
    "0x1.c05c8bde81ab1p-1",
    "0x1.615c6752e107fp+0",
    "0x1.5f9eb8e0ad864p+0",
    "0x1.202f2799562e8p+0",
    "0x1.577ff13c4c8e4p-1",
    "0x1.08b83ec7b6610p-1",
    "0x1.ca1c046175616p-1",
    "0x1.72f25268b5ee7p-1",
    "0x1.0b856b2bc00a5p-1",
    "0x1.407bc8c63424bp+0",
    "0x1.b23a9348dc628p-1",
    "0x1.7b363c0e1048ep-1",
    "0x1.326e4e28f5edep+0",
    "0x1.39d7dc3ca287dp+0",
    "0x1.8133c4ff9f10fp-1",
    "0x1.02adf36c7b9c8p+0",
    "0x1.0a2227efb0b9dp-1",
    "0x1.141af63861e6ap-1",
    "0x1.2a5eabbbbcaecp-1",
    "0x1.26071cfa52b05p+0",
    "0x1.7b5dd1d9df382p+0",
    "0x1.7aa53b08365b9p-1",
    "0x1.7ca0ec7700112p+0",
    "0x1.342e5ec3fe7a5p-1",
    "0x1.ac98705e559f6p-1",
    "0x1.0a014adbf29d8p+0",
    "0x1.2653bfff87cdap+0",
    "0x1.6821098375837p-1",
    "0x1.7b276ef726170p+0",
    "0x1.4a8e640e82dd4p-1",
    "0x1.151e45af01d64p-1",
    "0x1.d1b8affa0e5f1p-1",
    "0x1.07be4d8226c62p+0",
    "0x1.a555153844f62p-1",
    "0x1.4e508943bc09ep-1",
    "0x1.5a0483b7ccc1dp-1",
    "0x1.146e1cbaea444p+0",
    "0x1.e4a21fd95835dp-1",
    "0x1.7eb858f595418p+0"
  ],
  "edge_weight_semantics": "archived binary64 values interpreted as exact dyadic rationals",
  "edge_weights_sum": 43.665999558609194,
  "edge_weights_sum_hex": "0x1.5d53f7939b03fp+5",
  "edge_weights_sum_semantics": "compatibility alias of W_model",
  "generation": {
    "attempts": 1,
    "rng_bit_generator": "PCG64",
    "seed": 18
  },
  "graph_model": {
    "acceptance_conditions": [
      "connected",
      "nondegenerate pinned optimum"
    ],
    "edge_weight_distribution": "independent uniform [0.5, 1.5)",
    "name": "Erdos-Renyi",
    "p": 0.5,
    "p_hex": "0x1.0000000000000p-1"
  },
  "graph_record_hash_scope": "SHA-256 of canonical JSON for every record field except graph_record_sha256",
  "graph_record_sha256": "2d7ee7a87b5e6c536f2cb8009d941ccb3188614724d53e39b94bca5a1510f55b",
  "n_vertices": 15,
  "num_edges": 46,
  "provenance": {
    "repository": {
      "head": "cd99526a98bbb29fcec23fe075f17f34d9efa83f",
      "source_sha256": {
        "main.py": "a6cade752c8530480b3741b86a17762b16f83f42c3eb3e5951321a19af1c0b47",
        "maxcut_gap_benchmark.py": "addb3bac26421d3de0d2bf7858e599a4b9187e5a902564dec63be983816442b7"
      }
    },
    "software": {
      "numpy": "2.2.1",
      "python": "3.12.10",
      "scipy": "1.15.0"
    }
  },
  "record_type": "generated_weighted_graph_instance",
  "rounding_policy": "W_upper is the least binary64 >= W_exact; K_gap_cert is the least binary64 >= exact_binary64(W_upper)+Lambda_I",
  "row_key": {
    "N": 14,
    "seed": 18
  },
  "schema_version": 2
}
