{
  "K_gap_cert": 34.061469102682494,
  "K_gap_cert_denominator": 70368744177664,
  "K_gap_cert_exact": {
    "denominator": 70368744177664,
    "numerator": 2396862805602071
  },
  "K_gap_cert_hex": "0x1.107de3834de2ep+5",
  "K_gap_cert_numerator": 2396862805602071,
  "K_gap_exact": {
    "denominator": 9007199254740992,
    "numerator": 306798439117065073
  },
  "K_gap_exact_denominator": 9007199254740992,
  "K_gap_exact_numerator": 306798439117065073,
  "K_gap_from_W_upper_exact": {
    "denominator": 70368744177664,
    "numerator": 2396862805602071
  },
  "Lambda_I": 10,
  "N_effective_qubits": 10,
  "W_exact": {
    "denominator": 9007199254740992,
    "numerator": 216726446569655153
  },
  "W_exact_denominator": 9007199254740992,
  "W_exact_numerator": 216726446569655153,
  "W_model": 24.061469102682494,
  "W_model_hex": "0x1.80fbc7069bc5cp+4",
  "W_upper": 24.061469102682494,
  "W_upper_denominator": 70368744177664,
  "W_upper_exact": {
    "denominator": 70368744177664,
    "numerator": 1693175363825431
  },
  "W_upper_hex": "0x1.80fbc7069bc5cp+4",
  "W_upper_numerator": 1693175363825431,
  "analytic_inequality": "-Lambda_I I <= D <= W_exact I <= W_upper I and diameter(D) <= K_gap_cert",
  "edge_list": [
    [
      0,
      4,
      0.8001662849112254
    ],
    [
      0,
      6,
      1.3212284183827663
    ],
    [
      0,
      8,
      0.8030324268193135
    ],
    [
      0,
      9,
      0.7548695876541246
    ],
    [
      0,
      10,
      1.0045482589579533
    ],
    [
      1,
      7,
      0.6602120338578445
    ],
    [
      1,
      9,
      0.5356802787735961
    ],
    [
      2,
      3,
      1.4171677731928523
    ],
    [
      2,
      6,
      0.7475149220273308
    ],
    [
      2,
      7,
      0.6924021439853106
    ],
    [
      2,
      9,
      0.8695363106022067
    ],
    [
      2,
      10,
      1.3300477298017457
    ],
    [
      3,
      4,
      0.7675993045637854
    ],
    [
      3,
      10,
      1.0411438213764888
    ],
    [
      4,
      7,
      1.098184067207213
    ],
    [
      4,
      8,
      0.8876318011107287
    ],
    [
      4,
      9,
      0.6501997290704519
    ],
    [
      5,
      6,
      1.4787478844112216
    ],
    [
      6,
      7,
      0.9403134671881875
    ],
    [
      6,
      8,
      0.9024982981039816
    ],
    [
      6,
      9,
      1.4678280510488215
    ],
    [
      6,
      10,
      1.171765162611285
    ],
    [
      7,
      8,
      1.3740770261495046
    ],
    [
      7,
      10,
      1.345074320874553
    ]
  ],
  "edge_payload_sha256": "113bbbac9269c0d9c4284ef390c8ef8f9dce4787c56581c0b0412314a8935817",
  "edge_weight_hex": [
    "0x1.99af65321c6eap-1",
    "0x1.523c068f7ff20p+0",
    "0x1.9b2710f5a207bp-1",
    "0x1.827e443f705e7p-1",
    "0x1.012a131f7a67fp+0",
    "0x1.52074fcbb0af4p-1",
    "0x1.1244af7ce3b76p-1",
    "0x1.6acb81d6cef65p+0",
    "0x1.7eba469ec23d9p-1",
    "0x1.628288a831c33p-1",
    "0x1.bd33dd017123cp-1",
    "0x1.547e020d9e174p+0",
    "0x1.8902c6ab114e8p-1",
    "0x1.0a8866c73e969p+0",
    "0x1.1922974da4abcp+0",
    "0x1.c677ace952000p-1",
    "0x1.4ce6fa9873889p-1",
    "0x1.7a8f38aa934c7p+0",
    "0x1.e170c44b1f8e9p-1",
    "0x1.ce1441c61ac1dp-1",
    "0x1.77c3944367f6ap+0",
    "0x1.2bf8cd3c01f18p+0",
    "0x1.5fc383117f3f4p+0",
    "0x1.5856ca6ad87a4p+0"
  ],
  "edge_weight_semantics": "archived binary64 values interpreted as exact dyadic rationals",
  "edge_weights_sum": 24.061469102682494,
  "edge_weights_sum_hex": "0x1.80fbc7069bc5cp+4",
  "edge_weights_sum_semantics": "compatibility alias of W_model",
  "generation": {
    "attempts": 1,
    "rng_bit_generator": "PCG64",
    "seed": 7
  },
  "graph_model": {
    "acceptance_conditions": [
      "connected",
      "nondegenerate pinned optimum"
    ],
    "edge_weight_distribution": "independent uniform [0.5, 1.5)",
    "name": "Erdos-Renyi",
    "p": 0.5,
    "p_hex": "0x1.0000000000000p-1"
  },
  "graph_record_hash_scope": "SHA-256 of canonical JSON for every record field except graph_record_sha256",
  "graph_record_sha256": "72be24c747ff2faccf21a87bdd3a5cb5e23682bc028c2b0a715230b4e9e5b04e",
  "n_vertices": 11,
  "num_edges": 24,
  "provenance": {
    "repository": {
      "head": "60ec3ad30931968819e5d02e590a47bcc02d2663",
      "source_sha256": {
        "main.py": "a6cade752c8530480b3741b86a17762b16f83f42c3eb3e5951321a19af1c0b47",
        "maxcut_gap_benchmark.py": "addb3bac26421d3de0d2bf7858e599a4b9187e5a902564dec63be983816442b7"
      }
    },
    "software": {
      "numpy": "2.2.1",
      "python": "3.12.10",
      "scipy": "1.15.0"
    }
  },
  "record_type": "generated_weighted_graph_instance",
  "rounding_policy": "W_upper is the least binary64 >= W_exact; K_gap_cert is the least binary64 >= exact_binary64(W_upper)+Lambda_I",
  "row_key": {
    "N": 10,
    "seed": 7
  },
  "schema_version": 2
}
