{
  "K_gap_cert": 39.36314564128569,
  "K_gap_cert_denominator": 140737488355328,
  "K_gap_cert_exact": {
    "denominator": 140737488355328,
    "numerator": 5539870251319525
  },
  "K_gap_cert_hex": "0x1.3ae7b8e6e80e5p+5",
  "K_gap_cert_numerator": 5539870251319525,
  "K_gap_exact": {
    "denominator": 2251799813685248,
    "numerator": 88637924021112395
  },
  "K_gap_exact_denominator": 2251799813685248,
  "K_gap_exact_numerator": 88637924021112395,
  "K_gap_from_W_upper_exact": {
    "denominator": 140737488355328,
    "numerator": 5539870251319525
  },
  "Lambda_I": 10,
  "N_effective_qubits": 10,
  "W_exact": {
    "denominator": 2251799813685248,
    "numerator": 66119925884259915
  },
  "W_exact_denominator": 2251799813685248,
  "W_exact_numerator": 66119925884259915,
  "W_model": 29.363145641285687,
  "W_model_hex": "0x1.d5cf71cdd01c9p+4",
  "W_upper": 29.36314564128569,
  "W_upper_denominator": 140737488355328,
  "W_upper_exact": {
    "denominator": 140737488355328,
    "numerator": 4132495367766245
  },
  "W_upper_hex": "0x1.d5cf71cdd01cap+4",
  "W_upper_numerator": 4132495367766245,
  "analytic_inequality": "-Lambda_I I <= D <= W_exact I <= W_upper I and diameter(D) <= K_gap_cert",
  "edge_list": [
    [
      0,
      2,
      0.5409735239361947
    ],
    [
      0,
      3,
      1.3132702392002724
    ],
    [
      0,
      10,
      1.3574042765875693
    ],
    [
      1,
      2,
      1.229655446429944
    ],
    [
      1,
      3,
      1.3631789223498867
    ],
    [
      1,
      5,
      0.9226872211976584
    ],
    [
      1,
      6,
      0.6242832764995639
    ],
    [
      1,
      10,
      1.497209935789211
    ],
    [
      2,
      7,
      0.6350965050224112
    ],
    [
      2,
      10,
      0.9858353588317891
    ],
    [
      3,
      6,
      1.071529830729761
    ],
    [
      3,
      7,
      1.0943000301996968
    ],
    [
      3,
      8,
      0.8916190005281612
    ],
    [
      3,
      10,
      1.1231871446860424
    ],
    [
      4,
      5,
      1.3326441476533977
    ],
    [
      4,
      7,
      1.376484230810704
    ],
    [
      4,
      8,
      0.8361170605456604
    ],
    [
      4,
      9,
      0.950339366649287
    ],
    [
      5,
      6,
      0.5520213010644096
    ],
    [
      5,
      7,
      0.6985130445092553
    ],
    [
      5,
      8,
      1.0803323859868508
    ],
    [
      5,
      9,
      1.1719948779563594
    ],
    [
      5,
      10,
      1.4421131105064977
    ],
    [
      6,
      7,
      0.6054952795702295
    ],
    [
      6,
      10,
      1.4545904936907372
    ],
    [
      7,
      8,
      0.9252286248490755
    ],
    [
      8,
      10,
      1.2577288453082915
    ],
    [
      9,
      10,
      1.0293121601967705
    ]
  ],
  "edge_payload_sha256": "ebed5fddefb3ee3407f3c378ff4f37afb0cf2ea4fc6d5cf262c6365db0aa0d9e",
  "edge_weight_hex": [
    "0x1.14fa7b529d9bdp-1",
    "0x1.50327a782cde5p+0",
    "0x1.5b7ed8bf64e6fp+0",
    "0x1.3acab307c3cfdp+0",
    "0x1.5cf94b3a16db8p+0",
    "0x1.d86a759ef64dap-1",
    "0x1.3fa20ec002bd9p-1",
    "0x1.7f49267d75fefp+0",
    "0x1.452b5e7dc0147p-1",
    "0x1.f8bf6982d88e1p-1",
    "0x1.124fc76bac38ap+0",
    "0x1.18240bf9b831dp+0",
    "0x1.c882491f85752p-1",
    "0x1.1f893155b6d40p+0",
    "0x1.55282ab7608c2p+0",
    "0x1.60614542caac2p+0",
    "0x1.ac17890d57afdp-1",
    "0x1.e692e1a7b8574p-1",
    "0x1.1aa2893588b57p-1",
    "0x1.65a38073fe482p-1",
    "0x1.1490a9ca9f884p+0",
    "0x1.2c07db37e6ee6p+0",
    "0x1.712e5326c21c2p+0",
    "0x1.36037a2f45e50p-1",
    "0x1.74600ae77965ep+0",
    "0x1.d9b790fa1983ap-1",
    "0x1.41fa8481d5bfap+0",
    "0x1.078100716b950p+0"
  ],
  "edge_weight_semantics": "archived binary64 values interpreted as exact dyadic rationals",
  "edge_weights_sum": 29.363145641285687,
  "edge_weights_sum_hex": "0x1.d5cf71cdd01c9p+4",
  "edge_weights_sum_semantics": "compatibility alias of W_model",
  "generation": {
    "attempts": 1,
    "rng_bit_generator": "PCG64",
    "seed": 0
  },
  "graph_model": {
    "acceptance_conditions": [
      "connected",
      "nondegenerate pinned optimum"
    ],
    "edge_weight_distribution": "independent uniform [0.5, 1.5)",
    "name": "Erdos-Renyi",
    "p": 0.5,
    "p_hex": "0x1.0000000000000p-1"
  },
  "graph_record_hash_scope": "SHA-256 of canonical JSON for every record field except graph_record_sha256",
  "graph_record_sha256": "b5490d9d7727f8de9c11da3b924a9256f9886a7a0e3d3c1f6f02511fe901ef80",
  "n_vertices": 11,
  "num_edges": 28,
  "provenance": {
    "repository": {
      "head": "60ec3ad30931968819e5d02e590a47bcc02d2663",
      "source_sha256": {
        "main.py": "a6cade752c8530480b3741b86a17762b16f83f42c3eb3e5951321a19af1c0b47",
        "maxcut_gap_benchmark.py": "addb3bac26421d3de0d2bf7858e599a4b9187e5a902564dec63be983816442b7"
      }
    },
    "software": {
      "numpy": "2.2.1",
      "python": "3.12.10",
      "scipy": "1.15.0"
    }
  },
  "record_type": "generated_weighted_graph_instance",
  "rounding_policy": "W_upper is the least binary64 >= W_exact; K_gap_cert is the least binary64 >= exact_binary64(W_upper)+Lambda_I",
  "row_key": {
    "N": 10,
    "seed": 0
  },
  "schema_version": 2
}
