{
  "K_gap_cert": 71.70994746321841,
  "K_gap_cert_denominator": 35184372088832,
  "K_gap_cert_exact": {
    "denominator": 35184372088832,
    "numerator": 2523069474016471
  },
  "K_gap_cert_hex": "0x1.1ed6fc77c19aep+6",
  "K_gap_cert_numerator": 2523069474016471,
  "K_gap_exact": {
    "denominator": 9007199254740992,
    "numerator": 645905785348216503
  },
  "K_gap_exact_denominator": 9007199254740992,
  "K_gap_exact_numerator": 645905785348216503,
  "K_gap_from_W_upper_exact": {
    "denominator": 140737488355328,
    "numerator": 10092277896065883
  },
  "Lambda_I": 14,
  "N_effective_qubits": 14,
  "W_exact": {
    "denominator": 9007199254740992,
    "numerator": 519804995781842615
  },
  "W_exact_denominator": 9007199254740992,
  "W_exact_numerator": 519804995781842615,
  "W_model": 57.709947463218406,
  "W_model_hex": "0x1.cdadf8ef8335bp+5",
  "W_upper": 57.709947463218406,
  "W_upper_denominator": 140737488355328,
  "W_upper_exact": {
    "denominator": 140737488355328,
    "numerator": 8121953059091291
  },
  "W_upper_hex": "0x1.cdadf8ef8335bp+5",
  "W_upper_numerator": 8121953059091291,
  "analytic_inequality": "-Lambda_I I <= D <= W_exact I <= W_upper I and diameter(D) <= K_gap_cert",
  "edge_list": [
    [
      0,
      2,
      1.0577445473656921
    ],
    [
      0,
      3,
      0.7149419635617684
    ],
    [
      0,
      4,
      0.9281644990936084
    ],
    [
      0,
      7,
      0.7540409137926393
    ],
    [
      0,
      9,
      1.4977636809229766
    ],
    [
      0,
      11,
      1.0675398131484446
    ],
    [
      0,
      13,
      0.6790838739132345
    ],
    [
      0,
      14,
      0.9619579095338642
    ],
    [
      1,
      3,
      1.4197756801082628
    ],
    [
      1,
      5,
      0.7031615564618308
    ],
    [
      1,
      6,
      1.362035036237367
    ],
    [
      1,
      7,
      1.4910656220413978
    ],
    [
      1,
      9,
      1.1586973050511808
    ],
    [
      1,
      12,
      1.1299181968345016
    ],
    [
      1,
      13,
      1.1532888148767353
    ],
    [
      2,
      3,
      1.4087380258134665
    ],
    [
      2,
      4,
      0.8107606288937099
    ],
    [
      2,
      5,
      0.843049972540729
    ],
    [
      2,
      9,
      1.3414979981084842
    ],
    [
      2,
      10,
      1.0480450225087115
    ],
    [
      2,
      12,
      0.7279789348352927
    ],
    [
      2,
      13,
      0.748819790862154
    ],
    [
      2,
      14,
      0.7932082928393731
    ],
    [
      3,
      4,
      1.1468235747897353
    ],
    [
      3,
      6,
      1.1316684825474632
    ],
    [
      3,
      8,
      0.6989250524341802
    ],
    [
      3,
      9,
      1.294363445317376
    ],
    [
      3,
      14,
      0.9417035314893507
    ],
    [
      4,
      6,
      0.7955045590866319
    ],
    [
      4,
      7,
      0.5103403670280214
    ],
    [
      4,
      10,
      0.7492314950977337
    ],
    [
      4,
      12,
      0.7604540277264545
    ],
    [
      4,
      14,
      1.125348532812831
    ],
    [
      5,
      8,
      1.2139278126492195
    ],
    [
      5,
      10,
      1.16174286811259
    ],
    [
      5,
      12,
      1.2824603890528805
    ],
    [
      5,
      13,
      1.0525884678082529
    ],
    [
      6,
      8,
      0.9147658756276575
    ],
    [
      6,
      11,
      1.2012552619418484
    ],
    [
      6,
      13,
      1.019457114075759
    ],
    [
      6,
      14,
      0.9438530537878286
    ],
    [
      7,
      8,
      0.8652111937947511
    ],
    [
      7,
      10,
      1.3588403249217755
    ],
    [
      7,
      13,
      0.6727240254801995
    ],
    [
      7,
      14,
      0.9070434118548033
    ],
    [
      8,
      9,
      0.8850774428357823
    ],
    [
      8,
      10,
      0.5434262224262081
    ],
    [
      8,
      12,
      1.367606287546253
    ],
    [
      9,
      13,
      1.1409726957353605
    ],
    [
      9,
      14,
      1.2907170849412406
    ],
    [
      10,
      11,
      1.1934470330837736
    ],
    [
      10,
      12,
      1.0840049511306917
    ],
    [
      10,
      13,
      0.7107487417282153
    ],
    [
      10,
      14,
      0.5637967670432096
    ],
    [
      12,
      13,
      1.0380988239732556
    ],
    [
      12,
      14,
      0.8835229150999299
    ],
    [
      13,
      14,
      1.4590175508917154
    ]
  ],
  "edge_payload_sha256": "457380a3777016ef511b5e970d61e167e6b2b59562cfc2835eef6aa21dc162d3",
  "edge_weight_hex": [
    "0x1.0ec858be753d9p+0",
    "0x1.6e0cdf801256ep-1",
    "0x1.db386091d49e4p-1",
    "0x1.8211a6912bb1dp-1",
    "0x1.7f6d70cab3654p+0",
    "0x1.114a4a08a6888p+0",
    "0x1.5bb0e1ab658b8p-1",
    "0x1.ec85bf4327278p-1",
    "0x1.6b766b41b89d1p+0",
    "0x1.6804caa19db4ep-1",
    "0x1.5cae5400a54a6p+0",
    "0x1.7db67a02db924p+0",
    "0x1.28a062f7287d0p+0",
    "0x1.214251a68f39cp+0",
    "0x1.273def8ebcf92p+0",
    "0x1.68a30e25801d0p+0",
    "0x1.9f1c0463f73bap-1",
    "0x1.afa43ef9e989cp-1",
    "0x1.576c69ad86814p+0",
    "0x1.0c4cadb869168p+0",
    "0x1.74b9a7aa96c86p-1",
    "0x1.7f654ec0b3763p-1",
    "0x1.961f65b9527b8p-1",
    "0x1.25963ad400f40p+0",
    "0x1.21b50692748eap+0",
    "0x1.65d981251ea9dp-1",
    "0x1.4b5b671ac6a8ep+0",
    "0x1.e226f71c8c870p-1",
    "0x1.974c5fa23124cp-1",
    "0x1.054b55246d8ffp-1",
    "0x1.7f9b454127e92p-1",
    "0x1.855a3af664a8bp-1",
    "0x1.2016d769085e8p+0",
    "0x1.36c3f91f0880ap+0",
    "0x1.2967fb08e7a20p+0",
    "0x1.484f52f565c66p+0",
    "0x1.0d76701562191p+0",
    "0x1.d45c315ea29b8p-1",
    "0x1.33857700302acp+0",
    "0x1.04fb2434a142dp+0",
    "0x1.e340b51c7f353p-1",
    "0x1.bafcf62af690ep-1",
    "0x1.5bdcf5a406690p+0",
    "0x1.586f48915783dp-1",
    "0x1.d067fe7beff17p-1",
    "0x1.c528deded0619p-1",
    "0x1.163bf63a38016p-1",
    "0x1.5e1b7216d0ac4p+0",
    "0x1.2416c95dcff50p+0",
    "0x1.4a6c6f5436098p+0",
    "0x1.3185bea89a60bp+0",
    "0x1.15815935cef34p+0",
    "0x1.6be74252caaafp-1",
    "0x1.20a9f848150d2p-1",
    "0x1.09c0d832fb2f8p+0",
    "0x1.c45d1d933dd75p-1",
    "0x1.75822c995eb3fp+0"
  ],
  "edge_weight_semantics": "archived binary64 values interpreted as exact dyadic rationals",
  "edge_weights_sum": 57.709947463218406,
  "edge_weights_sum_hex": "0x1.cdadf8ef8335bp+5",
  "edge_weights_sum_semantics": "compatibility alias of W_model",
  "generation": {
    "attempts": 1,
    "rng_bit_generator": "PCG64",
    "seed": 17
  },
  "graph_model": {
    "acceptance_conditions": [
      "connected",
      "nondegenerate pinned optimum"
    ],
    "edge_weight_distribution": "independent uniform [0.5, 1.5)",
    "name": "Erdos-Renyi",
    "p": 0.5,
    "p_hex": "0x1.0000000000000p-1"
  },
  "graph_record_hash_scope": "SHA-256 of canonical JSON for every record field except graph_record_sha256",
  "graph_record_sha256": "83e1408ec8cbbb901d2af0c24860b1c46d8ce913c74b7f2fad1da36626a7fa47",
  "n_vertices": 15,
  "num_edges": 57,
  "provenance": {
    "repository": {
      "head": "cd99526a98bbb29fcec23fe075f17f34d9efa83f",
      "source_sha256": {
        "main.py": "a6cade752c8530480b3741b86a17762b16f83f42c3eb3e5951321a19af1c0b47",
        "maxcut_gap_benchmark.py": "addb3bac26421d3de0d2bf7858e599a4b9187e5a902564dec63be983816442b7"
      }
    },
    "software": {
      "numpy": "2.2.1",
      "python": "3.12.10",
      "scipy": "1.15.0"
    }
  },
  "record_type": "generated_weighted_graph_instance",
  "rounding_policy": "W_upper is the least binary64 >= W_exact; K_gap_cert is the least binary64 >= exact_binary64(W_upper)+Lambda_I",
  "row_key": {
    "N": 14,
    "seed": 17
  },
  "schema_version": 2
}
