{
  "K_gap_cert": 66.22963131127165,
  "K_gap_cert_denominator": 8796093022208,
  "K_gap_cert_exact": {
    "denominator": 8796093022208,
    "numerator": 582561997840485
  },
  "K_gap_cert_hex": "0x1.08eb247870328p+6",
  "K_gap_cert_numerator": 582561997840485,
  "K_gap_exact": {
    "denominator": 9007199254740992,
    "numerator": 596543485788656533
  },
  "K_gap_exact_denominator": 9007199254740992,
  "K_gap_exact_numerator": 596543485788656533,
  "K_gap_from_W_upper_exact": {
    "denominator": 140737488355328,
    "numerator": 9320991965447759
  },
  "Lambda_I": 14,
  "N_effective_qubits": 14,
  "W_exact": {
    "denominator": 9007199254740992,
    "numerator": 470442696222282645
  },
  "W_exact_denominator": 9007199254740992,
  "W_exact_numerator": 470442696222282645,
  "W_model": 52.22963131127163,
  "W_model_hex": "0x1.a1d648f0e064ep+5",
  "W_upper": 52.22963131127164,
  "W_upper_denominator": 140737488355328,
  "W_upper_exact": {
    "denominator": 140737488355328,
    "numerator": 7350667128473167
  },
  "W_upper_hex": "0x1.a1d648f0e064fp+5",
  "W_upper_numerator": 7350667128473167,
  "analytic_inequality": "-Lambda_I I <= D <= W_exact I <= W_upper I and diameter(D) <= K_gap_cert",
  "edge_list": [
    [
      0,
      1,
      0.7368105065960997
    ],
    [
      0,
      4,
      0.9331269402364738
    ],
    [
      0,
      5,
      0.6597389146370786
    ],
    [
      0,
      7,
      0.891228190495662
    ],
    [
      0,
      9,
      1.0867985714381407
    ],
    [
      0,
      12,
      1.148547207079825
    ],
    [
      0,
      14,
      0.5014900835088362
    ],
    [
      1,
      3,
      0.8139860020343368
    ],
    [
      1,
      6,
      1.2732770096488164
    ],
    [
      1,
      7,
      1.2069650956556235
    ],
    [
      1,
      8,
      0.5908527135042578
    ],
    [
      1,
      11,
      1.130090199785343
    ],
    [
      1,
      12,
      1.2417566800693303
    ],
    [
      1,
      14,
      1.3298868742743122
    ],
    [
      2,
      6,
      1.258705461154919
    ],
    [
      2,
      8,
      1.3497683374661538
    ],
    [
      2,
      9,
      0.979683923512275
    ],
    [
      2,
      10,
      1.1984263449470935
    ],
    [
      2,
      11,
      1.371139149793589
    ],
    [
      2,
      12,
      1.06180971873089
    ],
    [
      2,
      13,
      1.1129094919024392
    ],
    [
      2,
      14,
      0.6802875408430952
    ],
    [
      3,
      8,
      1.3509011245916516
    ],
    [
      3,
      9,
      1.4643577208942795
    ],
    [
      4,
      5,
      0.8692863060944199
    ],
    [
      4,
      6,
      0.6935275814655144
    ],
    [
      4,
      7,
      1.3586419321659045
    ],
    [
      4,
      8,
      0.7967577683894495
    ],
    [
      4,
      9,
      1.3494604111895367
    ],
    [
      4,
      12,
      1.044982681458004
    ],
    [
      4,
      14,
      1.1798841672240714
    ],
    [
      5,
      6,
      1.0897002867792083
    ],
    [
      5,
      11,
      0.9951873915354021
    ],
    [
      5,
      12,
      0.9807470019260645
    ],
    [
      6,
      7,
      0.5196004185516095
    ],
    [
      6,
      9,
      1.2412575231943688
    ],
    [
      6,
      10,
      0.8804731641328024
    ],
    [
      6,
      12,
      0.8488515771515567
    ],
    [
      6,
      13,
      0.9807655703025819
    ],
    [
      6,
      14,
      1.0467474079457146
    ],
    [
      8,
      10,
      0.9819630471883826
    ],
    [
      8,
      11,
      0.7617332936286542
    ],
    [
      8,
      13,
      1.1186565457726523
    ],
    [
      9,
      10,
      0.9424176515590837
    ],
    [
      9,
      11,
      1.2066524111003845
    ],
    [
      9,
      12,
      0.6689581724599972
    ],
    [
      9,
      14,
      1.1653466801817194
    ],
    [
      10,
      11,
      0.697218768344996
    ],
    [
      10,
      13,
      0.6470643074332346
    ],
    [
      10,
      14,
      0.8397243773485313
    ],
    [
      11,
      12,
      1.036316451063914
    ],
    [
      11,
      14,
      0.9151646128833535
    ]
  ],
  "edge_payload_sha256": "3607108f185f237593b207c2823d992e217ac6045b3d133e1cbfd9a785914f78",
  "edge_weight_hex": [
    "0x1.793f3a0a5bdfap-1",
    "0x1.ddc2d076aa165p-1",
    "0x1.51c94c8c87925p-1",
    "0x1.c84f0fb6e77d2p-1",
    "0x1.16386e61aa94ep+0",
    "0x1.2607309451eacp+0",
    "0x1.00c34ee7e0a53p-1",
    "0x1.a0c2c5f4474dep-1",
    "0x1.45f57b6b30ba5p+0",
    "0x1.34fbaa1d41215p+0",
    "0x1.2e843f3281ddcp-1",
    "0x1.214d97619bb00p+0",
    "0x1.3de3c40a7cc04p+0",
    "0x1.5473775863492p+0",
    "0x1.423a8566f4fc6p+0",
    "0x1.598a6af297ea8p+0",
    "0x1.f5992197cdeb6p-1",
    "0x1.32cc11a6366bcp+0",
    "0x1.5f02f9aea0f32p+0",
    "0x1.0fd2c300862d7p+0",
    "0x1.1ce7a2ef21031p+0",
    "0x1.5c4ea607983f5p-1",
    "0x1.59d4a7f640322p+0",
    "0x1.76e025c8e2d2ap+0",
    "0x1.bd13183f12861p-1",
    "0x1.63160c1289668p-1",
    "0x1.5bcff529a076ap+0",
    "0x1.97f0a25c221d1p-1",
    "0x1.59763ccd4e472p+0",
    "0x1.0b83fc29bf9e9p+0",
    "0x1.2e0ce3874bab4p+0",
    "0x1.16f699162894dp+0",
    "0x1.fd8933a8127bap-1",
    "0x1.f6247895d8516p-1",
    "0x1.0a0910e9558adp-1",
    "0x1.3dc30d9408a58p+0",
    "0x1.c2cd60e9e97c5p-1",
    "0x1.b29cac860c441p-1",
    "0x1.f626e7a2fc190p-1",
    "0x1.0bf7a35c4cb39p+0",
    "0x1.f6c3dc4b1bf59p-1",
    "0x1.8601e800d1a17p-1",
    "0x1.1e60467f8cc43p+0",
    "0x1.e28491013d207p-1",
    "0x1.34e72c2350d1ap+0",
    "0x1.5681af8237197p-1",
    "0x1.2a5428f7e1f5cp+0",
    "0x1.64f9dbc065f80p-1",
    "0x1.4b4c034dab54fp-1",
    "0x1.adf05a84bb57fp-1",
    "0x1.094c08f1a054ep+0",
    "0x1.d49074c594bcep-1"
  ],
  "edge_weight_semantics": "archived binary64 values interpreted as exact dyadic rationals",
  "edge_weights_sum": 52.22963131127163,
  "edge_weights_sum_hex": "0x1.a1d648f0e064ep+5",
  "edge_weights_sum_semantics": "compatibility alias of W_model",
  "generation": {
    "attempts": 1,
    "rng_bit_generator": "PCG64",
    "seed": 3
  },
  "graph_model": {
    "acceptance_conditions": [
      "connected",
      "nondegenerate pinned optimum"
    ],
    "edge_weight_distribution": "independent uniform [0.5, 1.5)",
    "name": "Erdos-Renyi",
    "p": 0.5,
    "p_hex": "0x1.0000000000000p-1"
  },
  "graph_record_hash_scope": "SHA-256 of canonical JSON for every record field except graph_record_sha256",
  "graph_record_sha256": "6d94764ba3e0d5e62b02a874b8da629368916e6054c9ac9e1d5d6acf58797940",
  "n_vertices": 15,
  "num_edges": 52,
  "provenance": {
    "repository": {
      "head": "cd99526a98bbb29fcec23fe075f17f34d9efa83f",
      "source_sha256": {
        "main.py": "a6cade752c8530480b3741b86a17762b16f83f42c3eb3e5951321a19af1c0b47",
        "maxcut_gap_benchmark.py": "addb3bac26421d3de0d2bf7858e599a4b9187e5a902564dec63be983816442b7"
      }
    },
    "software": {
      "numpy": "2.2.1",
      "python": "3.12.10",
      "scipy": "1.15.0"
    }
  },
  "record_type": "generated_weighted_graph_instance",
  "rounding_policy": "W_upper is the least binary64 >= W_exact; K_gap_cert is the least binary64 >= exact_binary64(W_upper)+Lambda_I",
  "row_key": {
    "N": 14,
    "seed": 3
  },
  "schema_version": 2
}
