{
  "K_gap_cert": 38.45469069603144,
  "K_gap_cert_denominator": 140737488355328,
  "K_gap_cert_exact": {
    "denominator": 140737488355328,
    "numerator": 5412016584040465
  },
  "K_gap_cert_hex": "0x1.33a334e02a011p+5",
  "K_gap_cert_numerator": 5412016584040465,
  "K_gap_exact": {
    "denominator": 4503599627370496,
    "numerator": 173184530689294875
  },
  "K_gap_exact_denominator": 4503599627370496,
  "K_gap_exact_numerator": 173184530689294875,
  "K_gap_from_W_upper_exact": {
    "denominator": 140737488355328,
    "numerator": 5412016584040465
  },
  "Lambda_I": 10,
  "N_effective_qubits": 10,
  "W_exact": {
    "denominator": 4503599627370496,
    "numerator": 128148534415589915
  },
  "W_exact_denominator": 4503599627370496,
  "W_exact_numerator": 128148534415589915,
  "W_model": 28.45469069603144,
  "W_model_hex": "0x1.c74669c054022p+4",
  "W_upper": 28.45469069603144,
  "W_upper_denominator": 140737488355328,
  "W_upper_exact": {
    "denominator": 140737488355328,
    "numerator": 4004641700487185
  },
  "W_upper_hex": "0x1.c74669c054022p+4",
  "W_upper_numerator": 4004641700487185,
  "analytic_inequality": "-Lambda_I I <= D <= W_exact I <= W_upper I and diameter(D) <= K_gap_cert",
  "edge_list": [
    [
      0,
      4,
      0.5539307023816564
    ],
    [
      0,
      5,
      0.9084732054199987
    ],
    [
      0,
      6,
      0.5487577107271681
    ],
    [
      0,
      9,
      0.934947552225142
    ],
    [
      1,
      4,
      0.9930230187317426
    ],
    [
      1,
      6,
      1.0555961169207233
    ],
    [
      1,
      7,
      1.3796511733349222
    ],
    [
      1,
      8,
      1.179181533021365
    ],
    [
      1,
      10,
      1.3954482394141259
    ],
    [
      2,
      4,
      1.2074955673371774
    ],
    [
      2,
      5,
      1.0033639655536644
    ],
    [
      2,
      6,
      0.7032528361145648
    ],
    [
      2,
      7,
      1.3062153310270435
    ],
    [
      2,
      8,
      0.6490385835335558
    ],
    [
      2,
      10,
      1.298939490963134
    ],
    [
      3,
      4,
      0.8197846543182863
    ],
    [
      3,
      8,
      0.5145362803638133
    ],
    [
      3,
      10,
      1.34492680147361
    ],
    [
      4,
      5,
      1.4510229811957993
    ],
    [
      4,
      6,
      1.436442061842003
    ],
    [
      4,
      8,
      1.2414216700278127
    ],
    [
      5,
      6,
      0.7218885591644547
    ],
    [
      5,
      8,
      1.1922222746448299
    ],
    [
      5,
      10,
      1.2985233458061054
    ],
    [
      6,
      7,
      0.8904589137977216
    ],
    [
      6,
      9,
      1.213257864124452
    ],
    [
      8,
      10,
      1.2128902625665683
    ]
  ],
  "edge_payload_sha256": "dfc133b5510f3ed1af30b4c038facde83e9064c66df1e50676f4b0e70c96c9c3",
  "edge_weight_hex": [
    "0x1.1b9cce15f5842p-1",
    "0x1.d123666524724p-1",
    "0x1.18f6c54a00851p-1",
    "0x1.deb1721090816p-1",
    "0x1.fc6d835b418d2p-1",
    "0x1.0e3b8c0ff5878p+0",
    "0x1.6130d1bd5c8c7p+0",
    "0x1.2dded7485fb86p+0",
    "0x1.653c18878b610p+0",
    "0x1.351e6df3c7346p+0",
    "0x1.00dc75fa09b12p+0",
    "0x1.6810c177dcd3dp-1",
    "0x1.4e6420c04b82ep+0",
    "0x1.4c4ec9043cd19p-1",
    "0x1.4c874c692b678p+0",
    "0x1.a3bad0701e91ap-1",
    "0x1.07714ca1893fdp-1",
    "0x1.584d1f73d7d17p+0",
    "0x1.73763df9fafa4p+0",
    "0x1.6fbaaabe35d08p+0",
    "0x1.3dcdcf8150ae4p+0",
    "0x1.719b6091ef8fdp-1",
    "0x1.31357a9f298adp+0",
    "0x1.4c6c06a75468ap+0",
    "0x1.c7ea3b1262c37p-1",
    "0x1.3698114007826p+0",
    "0x1.367ff9eb5c3a4p+0"
  ],
  "edge_weight_semantics": "archived binary64 values interpreted as exact dyadic rationals",
  "edge_weights_sum": 28.45469069603144,
  "edge_weights_sum_hex": "0x1.c74669c054022p+4",
  "edge_weights_sum_semantics": "compatibility alias of W_model",
  "generation": {
    "attempts": 1,
    "rng_bit_generator": "PCG64",
    "seed": 5
  },
  "graph_model": {
    "acceptance_conditions": [
      "connected",
      "nondegenerate pinned optimum"
    ],
    "edge_weight_distribution": "independent uniform [0.5, 1.5)",
    "name": "Erdos-Renyi",
    "p": 0.5,
    "p_hex": "0x1.0000000000000p-1"
  },
  "graph_record_hash_scope": "SHA-256 of canonical JSON for every record field except graph_record_sha256",
  "graph_record_sha256": "5551126e14f29cc355bc43db33671063e85297caf16904c5b60c0572bcdc6ade",
  "n_vertices": 11,
  "num_edges": 27,
  "provenance": {
    "repository": {
      "head": "60ec3ad30931968819e5d02e590a47bcc02d2663",
      "source_sha256": {
        "main.py": "a6cade752c8530480b3741b86a17762b16f83f42c3eb3e5951321a19af1c0b47",
        "maxcut_gap_benchmark.py": "addb3bac26421d3de0d2bf7858e599a4b9187e5a902564dec63be983816442b7"
      }
    },
    "software": {
      "numpy": "2.2.1",
      "python": "3.12.10",
      "scipy": "1.15.0"
    }
  },
  "record_type": "generated_weighted_graph_instance",
  "rounding_policy": "W_upper is the least binary64 >= W_exact; K_gap_cert is the least binary64 >= exact_binary64(W_upper)+Lambda_I",
  "row_key": {
    "N": 10,
    "seed": 5
  },
  "schema_version": 2
}
