{
  "K_gap_cert": 50.25443801848,
  "K_gap_cert_denominator": 70368744177664,
  "K_gap_cert_exact": {
    "denominator": 70368744177664,
    "numerator": 3536341692714691
  },
  "K_gap_cert_hex": "0x1.920916ccc1d86p+5",
  "K_gap_cert_numerator": 3536341692714691,
  "K_gap_exact": {
    "denominator": 2251799813685248,
    "numerator": 113162934166870105
  },
  "K_gap_exact_denominator": 2251799813685248,
  "K_gap_exact_numerator": 113162934166870105,
  "K_gap_from_W_upper_exact": {
    "denominator": 70368744177664,
    "numerator": 3536341692714691
  },
  "Lambda_I": 12,
  "N_effective_qubits": 12,
  "W_exact": {
    "denominator": 2251799813685248,
    "numerator": 86141336402647129
  },
  "W_exact_denominator": 2251799813685248,
  "W_exact_numerator": 86141336402647129,
  "W_model": 38.25443801848,
  "W_model_hex": "0x1.320916ccc1d86p+5",
  "W_upper": 38.25443801848,
  "W_upper_denominator": 70368744177664,
  "W_upper_exact": {
    "denominator": 70368744177664,
    "numerator": 2691916762582723
  },
  "W_upper_hex": "0x1.320916ccc1d86p+5",
  "W_upper_numerator": 2691916762582723,
  "analytic_inequality": "-Lambda_I I <= D <= W_exact I <= W_upper I and diameter(D) <= K_gap_cert",
  "edge_list": [
    [
      0,
      4,
      1.1073558319950296
    ],
    [
      0,
      5,
      1.3019012069858071
    ],
    [
      0,
      6,
      1.3716352741876565
    ],
    [
      0,
      9,
      0.9304962777294131
    ],
    [
      0,
      12,
      1.468932869316235
    ],
    [
      1,
      3,
      1.1088516168445475
    ],
    [
      1,
      7,
      0.9978675987853745
    ],
    [
      1,
      8,
      1.0002261893487459
    ],
    [
      1,
      10,
      0.723771146778216
    ],
    [
      2,
      5,
      1.4297746953080668
    ],
    [
      2,
      6,
      1.1758008649335259
    ],
    [
      2,
      7,
      0.7169800264219951
    ],
    [
      2,
      10,
      0.9599160127484816
    ],
    [
      2,
      11,
      0.6707298194462749
    ],
    [
      2,
      12,
      1.4625074113263783
    ],
    [
      3,
      5,
      1.239473243135044
    ],
    [
      3,
      6,
      1.4150572012401725
    ],
    [
      3,
      9,
      0.8761238131790677
    ],
    [
      3,
      10,
      1.472439667711256
    ],
    [
      3,
      11,
      0.9996927405319966
    ],
    [
      4,
      6,
      0.8073579197290356
    ],
    [
      4,
      8,
      0.89218891369662
    ],
    [
      4,
      11,
      0.5787201505106548
    ],
    [
      5,
      7,
      1.0058931942110063
    ],
    [
      5,
      8,
      1.2000873205228135
    ],
    [
      5,
      11,
      1.1448150233012537
    ],
    [
      5,
      12,
      0.9993085659936081
    ],
    [
      6,
      7,
      1.1340865263587694
    ],
    [
      6,
      10,
      0.7251416010112336
    ],
    [
      6,
      11,
      0.8832978498137994
    ],
    [
      6,
      12,
      0.6123419427625385
    ],
    [
      7,
      9,
      1.000329712064861
    ],
    [
      8,
      9,
      0.6464692271847446
    ],
    [
      8,
      11,
      1.2552872255018457
    ],
    [
      9,
      10,
      1.2394486924281796
    ],
    [
      9,
      11,
      0.7848126024094676
    ],
    [
      9,
      12,
      0.915318043026283
    ]
  ],
  "edge_payload_sha256": "0038915cb2e4d1fbd447945a4bbec4bbb1a283bdb7e776d2f3d4ef4ed151d6dc",
  "edge_weight_hex": [
    "0x1.1b7babfb741a1p+0",
    "0x1.4d4965c2a0810p+0",
    "0x1.5f237d44ad0cep+0",
    "0x1.dc6a0213cb8d5p-1",
    "0x1.780bfc09bb905p+0",
    "0x1.1bddb31676cc4p+0",
    "0x1.fee8807d0adf0p-1",
    "0x1.000ed2d3db067p+0",
    "0x1.729221ba66d64p-1",
    "0x1.6e05b6e4ff1b6p+0",
    "0x1.2d0149157f7d6p+0",
    "0x1.6f18018abc413p-1",
    "0x1.eb7a1c9352a94p-1",
    "0x1.5769e61df28d7p-1",
    "0x1.7666e2bdcdee2p+0",
    "0x1.3d4e1e538835cp+0",
    "0x1.6a4130514bbbap+0",
    "0x1.c0934ce9b3aa7p-1",
    "0x1.78f1ce5a2727dp+0",
    "0x1.ffd7ba15445f4p-1",
    "0x1.9d5e046ace3bfp-1",
    "0x1.c8ccfc3c5c8b3p-1",
    "0x1.284e01eff57bdp-1",
    "0x1.0182376467be6p+0",
    "0x1.3338ec31fd608p+0",
    "0x1.251298ed0c618p+0",
    "0x1.ffa55f531c43cp-1",
    "0x1.22537e9d8b8f6p+0",
    "0x1.7345c28a9fe99p-1",
    "0x1.c43f9da3279f7p-1",
    "0x1.3984e21444b6cp-1",
    "0x1.00159ba689220p+0",
    "0x1.4afe03b941fb9p-1",
    "0x1.415a80ec9df40p+0",
    "0x1.3d4c826f0c8aep+0",
    "0x1.91d2f519acb47p-1",
    "0x1.d4a4910879247p-1"
  ],
  "edge_weight_semantics": "archived binary64 values interpreted as exact dyadic rationals",
  "edge_weights_sum": 38.25443801848,
  "edge_weights_sum_hex": "0x1.320916ccc1d86p+5",
  "edge_weights_sum_semantics": "compatibility alias of W_model",
  "generation": {
    "attempts": 1,
    "rng_bit_generator": "PCG64",
    "seed": 4
  },
  "graph_model": {
    "acceptance_conditions": [
      "connected",
      "nondegenerate pinned optimum"
    ],
    "edge_weight_distribution": "independent uniform [0.5, 1.5)",
    "name": "Erdos-Renyi",
    "p": 0.5,
    "p_hex": "0x1.0000000000000p-1"
  },
  "graph_record_hash_scope": "SHA-256 of canonical JSON for every record field except graph_record_sha256",
  "graph_record_sha256": "9c05b25e4de63517f395b0232630aac095522d2cd044ddbf361ed788285c3574",
  "n_vertices": 13,
  "num_edges": 37,
  "provenance": {
    "repository": {
      "head": "60ec3ad30931968819e5d02e590a47bcc02d2663",
      "source_sha256": {
        "main.py": "a6cade752c8530480b3741b86a17762b16f83f42c3eb3e5951321a19af1c0b47",
        "maxcut_gap_benchmark.py": "addb3bac26421d3de0d2bf7858e599a4b9187e5a902564dec63be983816442b7"
      }
    },
    "software": {
      "numpy": "2.2.1",
      "python": "3.12.10",
      "scipy": "1.15.0"
    }
  },
  "record_type": "generated_weighted_graph_instance",
  "rounding_policy": "W_upper is the least binary64 >= W_exact; K_gap_cert is the least binary64 >= exact_binary64(W_upper)+Lambda_I",
  "row_key": {
    "N": 12,
    "seed": 4
  },
  "schema_version": 2
}
