{
  "K_gap_cert": 47.94758852353816,
  "K_gap_cert_denominator": 70368744177664,
  "K_gap_cert_exact": {
    "denominator": 70368744177664,
    "numerator": 3374011590748755
  },
  "K_gap_cert_hex": "0x1.7f94a94ab54a6p+5",
  "K_gap_cert_numerator": 3374011590748755,
  "K_gap_exact": {
    "denominator": 4503599627370496,
    "numerator": 215936741807920301
  },
  "K_gap_exact_denominator": 4503599627370496,
  "K_gap_exact_numerator": 215936741807920301,
  "K_gap_from_W_upper_exact": {
    "denominator": 70368744177664,
    "numerator": 3374011590748755
  },
  "Lambda_I": 12,
  "N_effective_qubits": 12,
  "W_exact": {
    "denominator": 4503599627370496,
    "numerator": 161893546279474349
  },
  "W_exact_denominator": 4503599627370496,
  "W_exact_numerator": 161893546279474349,
  "W_model": 35.94758852353815,
  "W_model_hex": "0x1.1f94a94ab54a5p+5",
  "W_upper": 35.94758852353816,
  "W_upper_denominator": 70368744177664,
  "W_upper_exact": {
    "denominator": 70368744177664,
    "numerator": 2529586660616787
  },
  "W_upper_hex": "0x1.1f94a94ab54a6p+5",
  "W_upper_numerator": 2529586660616787,
  "analytic_inequality": "-Lambda_I I <= D <= W_exact I <= W_upper I and diameter(D) <= K_gap_cert",
  "edge_list": [
    [
      0,
      4,
      0.8001662849112254
    ],
    [
      0,
      6,
      1.3212284183827663
    ],
    [
      0,
      8,
      0.8030324268193135
    ],
    [
      0,
      9,
      0.7548695876541246
    ],
    [
      0,
      10,
      1.0045482589579533
    ],
    [
      1,
      5,
      0.6602120338578445
    ],
    [
      1,
      7,
      0.5356802787735961
    ],
    [
      1,
      9,
      1.4171677731928523
    ],
    [
      1,
      12,
      0.7475149220273308
    ],
    [
      2,
      3,
      0.6924021439853106
    ],
    [
      2,
      5,
      0.8695363106022067
    ],
    [
      2,
      6,
      1.3300477298017457
    ],
    [
      2,
      7,
      0.7675993045637854
    ],
    [
      3,
      4,
      1.0411438213764888
    ],
    [
      3,
      7,
      1.098184067207213
    ],
    [
      3,
      8,
      0.8876318011107287
    ],
    [
      3,
      9,
      0.6501997290704519
    ],
    [
      3,
      11,
      1.4787478844112216
    ],
    [
      4,
      8,
      0.9403134671881875
    ],
    [
      4,
      9,
      0.9024982981039816
    ],
    [
      4,
      10,
      1.4678280510488215
    ],
    [
      4,
      11,
      1.171765162611285
    ],
    [
      4,
      12,
      1.3740770261495046
    ],
    [
      5,
      7,
      1.345074320874553
    ],
    [
      5,
      11,
      0.6924634949683324
    ],
    [
      6,
      8,
      1.38405689419647
    ],
    [
      6,
      11,
      0.9109552821571298
    ],
    [
      6,
      12,
      0.5380572866912391
    ],
    [
      7,
      9,
      1.0476351992137354
    ],
    [
      7,
      10,
      1.2513249198549279
    ],
    [
      7,
      11,
      0.872185272565204
    ],
    [
      7,
      12,
      0.6228921022050093
    ],
    [
      8,
      11,
      1.0237401079104802
    ],
    [
      9,
      10,
      1.0902909822897147
    ],
    [
      9,
      12,
      1.0190984864959902
    ],
    [
      11,
      12,
      1.4334193923074285
    ]
  ],
  "edge_payload_sha256": "1caf8890aab0e552b885ad3489583bfa2610c7a6f095a163c3171cece8167db2",
  "edge_weight_hex": [
    "0x1.99af65321c6eap-1",
    "0x1.523c068f7ff20p+0",
    "0x1.9b2710f5a207bp-1",
    "0x1.827e443f705e7p-1",
    "0x1.012a131f7a67fp+0",
    "0x1.52074fcbb0af4p-1",
    "0x1.1244af7ce3b76p-1",
    "0x1.6acb81d6cef65p+0",
    "0x1.7eba469ec23d9p-1",
    "0x1.628288a831c33p-1",
    "0x1.bd33dd017123cp-1",
    "0x1.547e020d9e174p+0",
    "0x1.8902c6ab114e8p-1",
    "0x1.0a8866c73e969p+0",
    "0x1.1922974da4abcp+0",
    "0x1.c677ace952000p-1",
    "0x1.4ce6fa9873889p-1",
    "0x1.7a8f38aa934c7p+0",
    "0x1.e170c44b1f8e9p-1",
    "0x1.ce1441c61ac1dp-1",
    "0x1.77c3944367f6ap+0",
    "0x1.2bf8cd3c01f18p+0",
    "0x1.5fc383117f3f4p+0",
    "0x1.5856ca6ad87a4p+0",
    "0x1.628a9341202dap-1",
    "0x1.62518d78608e4p+0",
    "0x1.d268bb11f7766p-1",
    "0x1.137c3ea36d3e9p-1",
    "0x1.0c31d206c2edap+0",
    "0x1.4056d477725d5p+0",
    "0x1.be8f116b70d7ep-1",
    "0x1.3eebb6afd07d2p-1",
    "0x1.0613d4eb143aep+0",
    "0x1.171d4f500edbbp+0",
    "0x1.04e3a36ee743ap+0",
    "0x1.6ef492c369a02p+0"
  ],
  "edge_weight_semantics": "archived binary64 values interpreted as exact dyadic rationals",
  "edge_weights_sum": 35.94758852353815,
  "edge_weights_sum_hex": "0x1.1f94a94ab54a5p+5",
  "edge_weights_sum_semantics": "compatibility alias of W_model",
  "generation": {
    "attempts": 1,
    "rng_bit_generator": "PCG64",
    "seed": 7
  },
  "graph_model": {
    "acceptance_conditions": [
      "connected",
      "nondegenerate pinned optimum"
    ],
    "edge_weight_distribution": "independent uniform [0.5, 1.5)",
    "name": "Erdos-Renyi",
    "p": 0.5,
    "p_hex": "0x1.0000000000000p-1"
  },
  "graph_record_hash_scope": "SHA-256 of canonical JSON for every record field except graph_record_sha256",
  "graph_record_sha256": "4a03b997b2e3e84abb63872b5fd84a0e49e3c0e84878c38f9445efb43285a4f6",
  "n_vertices": 13,
  "num_edges": 36,
  "provenance": {
    "repository": {
      "head": "60ec3ad30931968819e5d02e590a47bcc02d2663",
      "source_sha256": {
        "main.py": "a6cade752c8530480b3741b86a17762b16f83f42c3eb3e5951321a19af1c0b47",
        "maxcut_gap_benchmark.py": "addb3bac26421d3de0d2bf7858e599a4b9187e5a902564dec63be983816442b7"
      }
    },
    "software": {
      "numpy": "2.2.1",
      "python": "3.12.10",
      "scipy": "1.15.0"
    }
  },
  "record_type": "generated_weighted_graph_instance",
  "rounding_policy": "W_upper is the least binary64 >= W_exact; K_gap_cert is the least binary64 >= exact_binary64(W_upper)+Lambda_I",
  "row_key": {
    "N": 12,
    "seed": 7
  },
  "schema_version": 2
}
