{
  "K_gap_cert": 63.176793581299684,
  "K_gap_cert_denominator": 140737488355328,
  "K_gap_cert_exact": {
    "denominator": 140737488355328,
    "numerator": 8891343250975125
  },
  "K_gap_cert_hex": "0x1.f96a12c0ce995p+5",
  "K_gap_cert_numerator": 8891343250975125,
  "K_gap_exact": {
    "denominator": 9007199254740992,
    "numerator": 569045968062407963
  },
  "K_gap_exact_denominator": 9007199254740992,
  "K_gap_exact_numerator": 569045968062407963,
  "K_gap_from_W_upper_exact": {
    "denominator": 140737488355328,
    "numerator": 8891343250975125
  },
  "Lambda_I": 14,
  "N_effective_qubits": 14,
  "W_exact": {
    "denominator": 9007199254740992,
    "numerator": 442945178496034075
  },
  "W_exact_denominator": 9007199254740992,
  "W_exact_numerator": 442945178496034075,
  "W_model": 49.17679358129968,
  "W_model_hex": "0x1.896a12c0ce994p+5",
  "W_upper": 49.176793581299684,
  "W_upper_denominator": 140737488355328,
  "W_upper_exact": {
    "denominator": 140737488355328,
    "numerator": 6921018414000533
  },
  "W_upper_hex": "0x1.896a12c0ce995p+5",
  "W_upper_numerator": 6921018414000533,
  "analytic_inequality": "-Lambda_I I <= D <= W_exact I <= W_upper I and diameter(D) <= K_gap_cert",
  "edge_list": [
    [
      0,
      2,
      1.1031481500515619
    ],
    [
      0,
      8,
      0.9372480001295087
    ],
    [
      0,
      9,
      0.5651541973701075
    ],
    [
      0,
      10,
      1.330621436971257
    ],
    [
      0,
      13,
      1.2053337045894539
    ],
    [
      0,
      14,
      1.2407484828757487
    ],
    [
      1,
      2,
      1.2825909153281314
    ],
    [
      1,
      10,
      0.8701315451400075
    ],
    [
      1,
      12,
      1.2928578804972282
    ],
    [
      1,
      13,
      0.5622534974166634
    ],
    [
      1,
      14,
      1.4627815849171628
    ],
    [
      2,
      3,
      0.7260983273631714
    ],
    [
      2,
      4,
      1.123421641340796
    ],
    [
      2,
      6,
      1.4312374531430352
    ],
    [
      2,
      8,
      0.689332019428231
    ],
    [
      2,
      11,
      0.6693928130563392
    ],
    [
      3,
      4,
      1.2232085295481048
    ],
    [
      3,
      5,
      0.5073379944593611
    ],
    [
      3,
      6,
      1.2820426720607045
    ],
    [
      3,
      11,
      1.220603331913242
    ],
    [
      3,
      12,
      0.8772198036532683
    ],
    [
      3,
      13,
      0.6258225746251853
    ],
    [
      4,
      14,
      1.1677589371927475
    ],
    [
      5,
      6,
      1.1545173130155204
    ],
    [
      5,
      7,
      1.2484342317637624
    ],
    [
      5,
      9,
      1.2821561154739691
    ],
    [
      5,
      11,
      1.232929646729405
    ],
    [
      5,
      13,
      0.6290845435018905
    ],
    [
      6,
      8,
      0.7185536641978828
    ],
    [
      6,
      11,
      0.695639528766264
    ],
    [
      6,
      12,
      1.0816190067615734
    ],
    [
      7,
      8,
      0.8923916927641553
    ],
    [
      8,
      9,
      1.4770157171203504
    ],
    [
      8,
      10,
      1.4526848666826935
    ],
    [
      8,
      12,
      1.3490906814630912
    ],
    [
      9,
      10,
      1.0536185430006575
    ],
    [
      9,
      12,
      1.2638351667474224
    ],
    [
      9,
      13,
      0.6331685461500587
    ],
    [
      9,
      14,
      1.30992417792578
    ],
    [
      10,
      11,
      0.535021379524774
    ],
    [
      10,
      12,
      1.0635307555958298
    ],
    [
      10,
      13,
      0.8160905341925454
    ],
    [
      10,
      14,
      1.189516761562218
    ],
    [
      11,
      12,
      0.8704057693862691
    ],
    [
      11,
      13,
      1.4014495348749536
    ],
    [
      11,
      14,
      0.6359895703527333
    ],
    [
      12,
      13,
      0.8714644842892275
    ],
    [
      13,
      14,
      0.9223158563856351
    ]
  ],
  "edge_payload_sha256": "369244b770d75a502f60365fc57fa701741dc88e82c1754e261c15e3b89d2f94",
  "edge_weight_hex": [
    "0x1.1a67eacb1d46ap+0",
    "0x1.dfdef8499864cp-1",
    "0x1.215be415cdb10p-1",
    "0x1.54a39b4325e83p+0",
    "0x1.3490bfe9fa6d4p+0",
    "0x1.3da1b14c83512p+0",
    "0x1.4857e0d37b24cp+0",
    "0x1.bd81e1c330457p-1",
    "0x1.4af8bbeb1c896p+0",
    "0x1.1fdfb0beeeb07p-1",
    "0x1.7678da9c6906ep+0",
    "0x1.73c328f36905ep-1",
    "0x1.1f988f892d678p+0",
    "0x1.6e6593e60f467p+0",
    "0x1.60f0205f0f4d9p-1",
    "0x1.56baa7a082433p-1",
    "0x1.392431b698ec9p+0",
    "0x1.03c1ce3c713f3p-1",
    "0x1.4833f2d493c20p+0",
    "0x1.387975bff4bcfp+0",
    "0x1.c122f440304bep-1",
    "0x1.406bd1063a35ap-1",
    "0x1.2af23fecdac50p+0",
    "0x1.278e72561144cp+0",
    "0x1.3f9962c4a1dacp+0",
    "0x1.483b621853bcap+0",
    "0x1.3ba146fef8bcap+0",
    "0x1.42175e8984f89p-1",
    "0x1.6fe644104d3f3p-1",
    "0x1.642add43b63fcp-1",
    "0x1.14e4fbb4c5e0cp+0",
    "0x1.c8e7905f49cb0p-1",
    "0x1.7a1db3b8b5bb8p+0",
    "0x1.73e327c9cbd99p+0",
    "0x1.595e01c438eaap+0",
    "0x1.0db9f1e0a5a16p+0",
    "0x1.438ab394b702cp+0",
    "0x1.442eaaed24076p-1",
    "0x1.4f5730e06e502p+0",
    "0x1.11ee527f707dap-1",
    "0x1.10438d3593029p+0",
    "0x1.a1d69e55dd431p-1",
    "0x1.30842ba4f41c4p+0",
    "0x1.bda5d33387097p-1",
    "0x1.66c5658f48474p+0",
    "0x1.45a06cca862f7p-1",
    "0x1.be3097c74ba45p-1",
    "0x1.d839c8af845ecp-1"
  ],
  "edge_weight_semantics": "archived binary64 values interpreted as exact dyadic rationals",
  "edge_weights_sum": 49.17679358129968,
  "edge_weights_sum_hex": "0x1.896a12c0ce994p+5",
  "edge_weights_sum_semantics": "compatibility alias of W_model",
  "generation": {
    "attempts": 1,
    "rng_bit_generator": "PCG64",
    "seed": 9
  },
  "graph_model": {
    "acceptance_conditions": [
      "connected",
      "nondegenerate pinned optimum"
    ],
    "edge_weight_distribution": "independent uniform [0.5, 1.5)",
    "name": "Erdos-Renyi",
    "p": 0.5,
    "p_hex": "0x1.0000000000000p-1"
  },
  "graph_record_hash_scope": "SHA-256 of canonical JSON for every record field except graph_record_sha256",
  "graph_record_sha256": "ccc3719d1f29b13b5d95d788f6710ec8fc6cfba6ad44f3868a185b847eef28d1",
  "n_vertices": 15,
  "num_edges": 48,
  "provenance": {
    "repository": {
      "head": "cd99526a98bbb29fcec23fe075f17f34d9efa83f",
      "source_sha256": {
        "main.py": "a6cade752c8530480b3741b86a17762b16f83f42c3eb3e5951321a19af1c0b47",
        "maxcut_gap_benchmark.py": "addb3bac26421d3de0d2bf7858e599a4b9187e5a902564dec63be983816442b7"
      }
    },
    "software": {
      "numpy": "2.2.1",
      "python": "3.12.10",
      "scipy": "1.15.0"
    }
  },
  "record_type": "generated_weighted_graph_instance",
  "rounding_policy": "W_upper is the least binary64 >= W_exact; K_gap_cert is the least binary64 >= exact_binary64(W_upper)+Lambda_I",
  "row_key": {
    "N": 14,
    "seed": 9
  },
  "schema_version": 2
}
