{
  "K_gap_cert": 69.26914164158804,
  "K_gap_cert_denominator": 70368744177664,
  "K_gap_cert_exact": {
    "denominator": 70368744177664,
    "numerator": 4874382507583281
  },
  "K_gap_cert_hex": "0x1.151399ddd2731p+6",
  "K_gap_cert_numerator": 4874382507583281,
  "K_gap_exact": {
    "denominator": 281474976710656,
    "numerator": 19497530030333121
  },
  "K_gap_exact_denominator": 281474976710656,
  "K_gap_exact_numerator": 19497530030333121,
  "K_gap_from_W_upper_exact": {
    "denominator": 140737488355328,
    "numerator": 9748765015166561
  },
  "Lambda_I": 14,
  "N_effective_qubits": 14,
  "W_exact": {
    "denominator": 281474976710656,
    "numerator": 15556880356383937
  },
  "W_exact_denominator": 281474976710656,
  "W_exact_numerator": 15556880356383937,
  "W_model": 55.26914164158802,
  "W_model_hex": "0x1.ba2733bba4e60p+5",
  "W_upper": 55.26914164158803,
  "W_upper_denominator": 140737488355328,
  "W_upper_exact": {
    "denominator": 140737488355328,
    "numerator": 7778440178191969
  },
  "W_upper_hex": "0x1.ba2733bba4e61p+5",
  "W_upper_numerator": 7778440178191969,
  "analytic_inequality": "-Lambda_I I <= D <= W_exact I <= W_upper I and diameter(D) <= K_gap_cert",
  "edge_list": [
    [
      0,
      1,
      0.7984911434141233
    ],
    [
      0,
      3,
      1.100100525965654
    ],
    [
      0,
      5,
      0.5551466273330682
    ],
    [
      0,
      6,
      1.1574330148755925
    ],
    [
      0,
      8,
      0.9326307908047872
    ],
    [
      0,
      10,
      1.1331843992741164
    ],
    [
      0,
      13,
      0.6872525697200981
    ],
    [
      0,
      14,
      1.011065973569577
    ],
    [
      1,
      4,
      1.4242168965068243
    ],
    [
      1,
      5,
      1.19375884220223
    ],
    [
      1,
      6,
      0.6045435584329415
    ],
    [
      1,
      7,
      1.3844496736882936
    ],
    [
      1,
      11,
      1.0165781941249967
    ],
    [
      1,
      14,
      1.392240109966643
    ],
    [
      2,
      5,
      1.1925181318299733
    ],
    [
      2,
      6,
      1.022828503923764
    ],
    [
      2,
      7,
      0.6007036020184768
    ],
    [
      2,
      8,
      1.2019494763859895
    ],
    [
      2,
      9,
      1.3977341470931757
    ],
    [
      2,
      11,
      1.473678769705223
    ],
    [
      2,
      14,
      0.6961699119682719
    ],
    [
      3,
      4,
      0.6812062262309868
    ],
    [
      3,
      6,
      0.5199107488374215
    ],
    [
      3,
      8,
      0.9505845355517621
    ],
    [
      3,
      9,
      1.1202724083835625
    ],
    [
      4,
      7,
      1.1890271371485683
    ],
    [
      4,
      9,
      0.7961499997837337
    ],
    [
      4,
      12,
      0.7966263296627448
    ],
    [
      4,
      13,
      1.3274669429780779
    ],
    [
      4,
      14,
      0.5574551787748194
    ],
    [
      5,
      7,
      0.818392999063676
    ],
    [
      5,
      8,
      0.8895952842988221
    ],
    [
      5,
      9,
      1.0234807880554642
    ],
    [
      5,
      10,
      0.6479628802902185
    ],
    [
      5,
      11,
      0.9405045187486976
    ],
    [
      5,
      12,
      1.1133276764903988
    ],
    [
      5,
      13,
      1.4096330100844199
    ],
    [
      6,
      7,
      0.7090597191549791
    ],
    [
      6,
      10,
      0.6848026844298797
    ],
    [
      6,
      11,
      1.1686907585501733
    ],
    [
      7,
      8,
      1.4766364932921876
    ],
    [
      7,
      10,
      0.7549287753897653
    ],
    [
      7,
      12,
      0.9466034754905421
    ],
    [
      8,
      11,
      1.4744818373184103
    ],
    [
      8,
      14,
      1.3826926528427004
    ],
    [
      9,
      12,
      1.0486913759909933
    ],
    [
      9,
      13,
      0.6054804768667069
    ],
    [
      9,
      14,
      1.4068400198646038
    ],
    [
      10,
      12,
      0.7578186775627438
    ],
    [
      10,
      13,
      1.3182872532694736
    ],
    [
      10,
      14,
      1.4677848301637297
    ],
    [
      11,
      13,
      1.1407818595019308
    ],
    [
      11,
      14,
      1.197323344505584
    ],
    [
      12,
      13,
      0.9699658802064269
    ]
  ],
  "edge_payload_sha256": "d6671f2fb3bbec98356eda9275610344f4933760a5710cc3d50dd17ae56edfca",
  "edge_weight_hex": [
    "0x1.98d3d4c637f6ep-1",
    "0x1.19a0302555baep+0",
    "0x1.1c3c2dc1c2ad3p-1",
    "0x1.284d87b2338bcp+0",
    "0x1.dd81c8737f945p-1",
    "0x1.22185f6f3840ap+0",
    "0x1.5fdf919e145e3p-1",
    "0x1.02d5383a94697p+0",
    "0x1.6c997a80e84d2p+0",
    "0x1.319a2df291c46p+0",
    "0x1.3586bbb8f432ap-1",
    "0x1.626b4b3772f7cp+0",
    "0x1.043e77f197f63p+0",
    "0x1.6469d90c7c760p+0",
    "0x1.3148de4818c4cp+0",
    "0x1.05d816bdc4e89p+0",
    "0x1.338f6c2a847bep-1",
    "0x1.33b2f5fc85ab9p+0",
    "0x1.65d1e7b244844p+0",
    "0x1.79430308b185dp+0",
    "0x1.647061f8b9d19p-1",
    "0x1.5cc70ffefcc1cp-1",
    "0x1.0a31bdde30f1ep-1",
    "0x1.e6b304288e6c0p-1",
    "0x1.1eca2c2c9e59cp+0",
    "0x1.3064151c1c0f4p+0",
    "0x1.97a0f90790267p-1",
    "0x1.97df68021168fp-1",
    "0x1.53d4dfa29ca83p+0",
    "0x1.1d6ac3e3a5b9cp-1",
    "0x1.a304683c81f84p-1",
    "0x1.c77908797a80bp-1",
    "0x1.0602d640c853ap+0",
    "0x1.4bc1ca67bca5bp-1",
    "0x1.e189ceeb8820cp-1",
    "0x1.1d030ae84207cp+0",
    "0x1.68ddb57dacb40p+0",
    "0x1.6b09e0215cf81p-1",
    "0x1.5e9e751badbe3p-1",
    "0x1.2b2f514b1c44fp+0",
    "0x1.7a04d966c5234p+0",
    "0x1.82860642377c8p-1",
    "0x1.e4a935f3060ccp-1",
    "0x1.7977a445d41cdp+0",
    "0x1.61f8254c60fe4p+0",
    "0x1.0c7709bb7a82ap+0",
    "0x1.3601897d049a7p-1",
    "0x1.6826aae405c03p+0",
    "0x1.8400cf48dc22ep-1",
    "0x1.517b45ff86abcp+0",
    "0x1.77c0bf231e3e0p+0",
    "0x1.240a47aa6e4cdp+0",
    "0x1.3283c85f638a0p+0",
    "0x1.f09f5e2b71e5fp-1"
  ],
  "edge_weight_semantics": "archived binary64 values interpreted as exact dyadic rationals",
  "edge_weights_sum": 55.26914164158802,
  "edge_weights_sum_hex": "0x1.ba2733bba4e60p+5",
  "edge_weights_sum_semantics": "compatibility alias of W_model",
  "generation": {
    "attempts": 1,
    "rng_bit_generator": "PCG64",
    "seed": 2
  },
  "graph_model": {
    "acceptance_conditions": [
      "connected",
      "nondegenerate pinned optimum"
    ],
    "edge_weight_distribution": "independent uniform [0.5, 1.5)",
    "name": "Erdos-Renyi",
    "p": 0.5,
    "p_hex": "0x1.0000000000000p-1"
  },
  "graph_record_hash_scope": "SHA-256 of canonical JSON for every record field except graph_record_sha256",
  "graph_record_sha256": "d44cacbb2db31d0d01a74ee5d7f4b89593c4a47ba540e8441d37930257d70399",
  "n_vertices": 15,
  "num_edges": 54,
  "provenance": {
    "repository": {
      "head": "cd99526a98bbb29fcec23fe075f17f34d9efa83f",
      "source_sha256": {
        "main.py": "a6cade752c8530480b3741b86a17762b16f83f42c3eb3e5951321a19af1c0b47",
        "maxcut_gap_benchmark.py": "addb3bac26421d3de0d2bf7858e599a4b9187e5a902564dec63be983816442b7"
      }
    },
    "software": {
      "numpy": "2.2.1",
      "python": "3.12.10",
      "scipy": "1.15.0"
    }
  },
  "record_type": "generated_weighted_graph_instance",
  "rounding_policy": "W_upper is the least binary64 >= W_exact; K_gap_cert is the least binary64 >= exact_binary64(W_upper)+Lambda_I",
  "row_key": {
    "N": 14,
    "seed": 2
  },
  "schema_version": 2
}
