{
  "K_gap_cert": 70.42329893240918,
  "K_gap_cert_denominator": 17592186044416,
  "K_gap_cert_exact": {
    "denominator": 17592186044416,
    "numerator": 1238899776680465
  },
  "K_gap_cert_hex": "0x1.19b175467c844p+6",
  "K_gap_cert_numerator": 1238899776680465,
  "K_gap_exact": {
    "denominator": 9007199254740992,
    "numerator": 634316685660398055
  },
  "K_gap_exact_denominator": 9007199254740992,
  "K_gap_exact_numerator": 634316685660398055,
  "K_gap_from_W_upper_exact": {
    "denominator": 17592186044416,
    "numerator": 1238899776680465
  },
  "Lambda_I": 14,
  "N_effective_qubits": 14,
  "W_exact": {
    "denominator": 9007199254740992,
    "numerator": 508215896094024167
  },
  "W_exact_denominator": 9007199254740992,
  "W_exact_numerator": 508215896094024167,
  "W_model": 56.42329893240918,
  "W_model_hex": "0x1.c362ea8cf9088p+5",
  "W_upper": 56.42329893240918,
  "W_upper_denominator": 17592186044416,
  "W_upper_exact": {
    "denominator": 17592186044416,
    "numerator": 992609172058641
  },
  "W_upper_hex": "0x1.c362ea8cf9088p+5",
  "W_upper_numerator": 992609172058641,
  "analytic_inequality": "-Lambda_I I <= D <= W_exact I <= W_upper I and diameter(D) <= K_gap_cert",
  "edge_list": [
    [
      0,
      2,
      0.5409735239361947
    ],
    [
      0,
      3,
      1.3132702392002724
    ],
    [
      0,
      10,
      1.3574042765875693
    ],
    [
      0,
      11,
      1.229655446429944
    ],
    [
      0,
      12,
      1.3631789223498867
    ],
    [
      0,
      14,
      0.9226872211976584
    ],
    [
      1,
      2,
      0.6242832764995639
    ],
    [
      1,
      6,
      1.497209935789211
    ],
    [
      1,
      11,
      0.6350965050224112
    ],
    [
      1,
      14,
      0.9858353588317891
    ],
    [
      2,
      5,
      1.071529830729761
    ],
    [
      2,
      6,
      1.0943000301996968
    ],
    [
      2,
      7,
      0.8916190005281612
    ],
    [
      2,
      9,
      1.1231871446860424
    ],
    [
      2,
      10,
      1.3326441476533977
    ],
    [
      2,
      12,
      1.376484230810704
    ],
    [
      2,
      13,
      0.8361170605456604
    ],
    [
      2,
      14,
      0.950339366649287
    ],
    [
      3,
      5,
      0.5520213010644096
    ],
    [
      3,
      6,
      0.6985130445092553
    ],
    [
      3,
      7,
      1.0803323859868508
    ],
    [
      3,
      8,
      1.1719948779563594
    ],
    [
      3,
      9,
      1.4421131105064977
    ],
    [
      3,
      10,
      0.6054952795702295
    ],
    [
      3,
      13,
      1.4545904936907372
    ],
    [
      3,
      14,
      0.9252286248490755
    ],
    [
      4,
      8,
      1.2577288453082915
    ],
    [
      4,
      9,
      1.0293121601967705
    ],
    [
      4,
      11,
      1.2344835717887293
    ],
    [
      4,
      14,
      1.2290151170763095
    ],
    [
      5,
      8,
      1.3636400902455756
    ],
    [
      5,
      11,
      1.472628813822955
    ],
    [
      5,
      14,
      0.7323729196393038
    ],
    [
      6,
      9,
      1.038934407622187
    ],
    [
      6,
      10,
      1.431017315981155
    ],
    [
      6,
      11,
      1.2320061956565609
    ],
    [
      6,
      13,
      1.2192197728267402
    ],
    [
      6,
      14,
      1.2579510023564282
    ],
    [
      7,
      10,
      1.3413172796123831
    ],
    [
      7,
      11,
      0.8443099788041252
    ],
    [
      7,
      12,
      1.46606208078407
    ],
    [
      7,
      14,
      0.741675714094345
    ],
    [
      8,
      10,
      0.6245547058352835
    ],
    [
      8,
      11,
      1.0861230648127327
    ],
    [
      9,
      10,
      0.9128963426808927
    ],
    [
      9,
      14,
      1.0526115105212872
    ],
    [
      10,
      13,
      0.9065103367481266
    ],
    [
      11,
      12,
      1.322706280181502
    ],
    [
      11,
      13,
      1.3298039852781027
    ],
    [
      11,
      14,
      0.8650461577582707
    ],
    [
      12,
      13,
      1.1526145763366384
    ],
    [
      12,
      14,
      1.2026520706597863
    ]
  ],
  "edge_payload_sha256": "2722333a60b690cf2ca057ab1a57332ea66ee36d68a3f658fb9b11a083532391",
  "edge_weight_hex": [
    "0x1.14fa7b529d9bdp-1",
    "0x1.50327a782cde5p+0",
    "0x1.5b7ed8bf64e6fp+0",
    "0x1.3acab307c3cfdp+0",
    "0x1.5cf94b3a16db8p+0",
    "0x1.d86a759ef64dap-1",
    "0x1.3fa20ec002bd9p-1",
    "0x1.7f49267d75fefp+0",
    "0x1.452b5e7dc0147p-1",
    "0x1.f8bf6982d88e1p-1",
    "0x1.124fc76bac38ap+0",
    "0x1.18240bf9b831dp+0",
    "0x1.c882491f85752p-1",
    "0x1.1f893155b6d40p+0",
    "0x1.55282ab7608c2p+0",
    "0x1.60614542caac2p+0",
    "0x1.ac17890d57afdp-1",
    "0x1.e692e1a7b8574p-1",
    "0x1.1aa2893588b57p-1",
    "0x1.65a38073fe482p-1",
    "0x1.1490a9ca9f884p+0",
    "0x1.2c07db37e6ee6p+0",
    "0x1.712e5326c21c2p+0",
    "0x1.36037a2f45e50p-1",
    "0x1.74600ae77965ep+0",
    "0x1.d9b790fa1983ap-1",
    "0x1.41fa8481d5bfap+0",
    "0x1.078100716b950p+0",
    "0x1.3c071d8848280p+0",
    "0x1.3aa0bc1621e26p+0",
    "0x1.5d1784571e864p+0",
    "0x1.78fe33b284514p+0",
    "0x1.76f99554a7586p-1",
    "0x1.09f79af76d2a4p+0",
    "0x1.6e57269c26151p+0",
    "0x1.3b64c20ed0766p+0",
    "0x1.381ec97aed6a0p+0",
    "0x1.420913af175e0p+0",
    "0x1.576091b97eb00p+0",
    "0x1.b04965c54ce33p-1",
    "0x1.774fd832df900p+0",
    "0x1.7bbceb508b99dp-1",
    "0x1.3fc5a268403a1p-1",
    "0x1.160c2942cd4e4p+0",
    "0x1.d3672640e7a6ap-1",
    "0x1.0d77f2ad1503cp+0",
    "0x1.d0221f73a367cp-1",
    "0x1.529ce0f797e6bp+0",
    "0x1.546e08b2dc238p+0",
    "0x1.bae7547a34576p-1",
    "0x1.2711bfb6423dfp+0",
    "0x1.33e1018ff3519p+0"
  ],
  "edge_weight_semantics": "archived binary64 values interpreted as exact dyadic rationals",
  "edge_weights_sum": 56.42329893240918,
  "edge_weights_sum_hex": "0x1.c362ea8cf9088p+5",
  "edge_weights_sum_semantics": "compatibility alias of W_model",
  "generation": {
    "attempts": 1,
    "rng_bit_generator": "PCG64",
    "seed": 0
  },
  "graph_model": {
    "acceptance_conditions": [
      "connected",
      "nondegenerate pinned optimum"
    ],
    "edge_weight_distribution": "independent uniform [0.5, 1.5)",
    "name": "Erdos-Renyi",
    "p": 0.5,
    "p_hex": "0x1.0000000000000p-1"
  },
  "graph_record_hash_scope": "SHA-256 of canonical JSON for every record field except graph_record_sha256",
  "graph_record_sha256": "a2a4f346166af42ba668af0d767602972257a4308a74ae74646538c87747a400",
  "n_vertices": 15,
  "num_edges": 52,
  "provenance": {
    "repository": {
      "head": "cd99526a98bbb29fcec23fe075f17f34d9efa83f",
      "source_sha256": {
        "main.py": "a6cade752c8530480b3741b86a17762b16f83f42c3eb3e5951321a19af1c0b47",
        "maxcut_gap_benchmark.py": "addb3bac26421d3de0d2bf7858e599a4b9187e5a902564dec63be983816442b7"
      }
    },
    "software": {
      "numpy": "2.2.1",
      "python": "3.12.10",
      "scipy": "1.15.0"
    }
  },
  "record_type": "generated_weighted_graph_instance",
  "rounding_policy": "W_upper is the least binary64 >= W_exact; K_gap_cert is the least binary64 >= exact_binary64(W_upper)+Lambda_I",
  "row_key": {
    "N": 14,
    "seed": 0
  },
  "schema_version": 2
}
