{
  "K_gap_cert": 63.60279036420776,
  "K_gap_cert_denominator": 70368744177664,
  "K_gap_cert_exact": {
    "denominator": 70368744177664,
    "numerator": 4475648484124529
  },
  "K_gap_cert_hex": "0x1.fcd283c124ee2p+5",
  "K_gap_cert_numerator": 4475648484124529,
  "K_gap_exact": {
    "denominator": 2251799813685248,
    "numerator": 143220751491984927
  },
  "K_gap_exact_denominator": 2251799813685248,
  "K_gap_exact_numerator": 143220751491984927,
  "K_gap_from_W_upper_exact": {
    "denominator": 70368744177664,
    "numerator": 4475648484124529
  },
  "Lambda_I": 14,
  "N_effective_qubits": 14,
  "W_exact": {
    "denominator": 2251799813685248,
    "numerator": 111695554100391455
  },
  "W_exact_denominator": 2251799813685248,
  "W_exact_numerator": 111695554100391455,
  "W_model": 49.60279036420776,
  "W_model_hex": "0x1.8cd283c124ee2p+5",
  "W_upper": 49.60279036420776,
  "W_upper_denominator": 70368744177664,
  "W_upper_exact": {
    "denominator": 70368744177664,
    "numerator": 3490486065637233
  },
  "W_upper_hex": "0x1.8cd283c124ee2p+5",
  "W_upper_numerator": 3490486065637233,
  "analytic_inequality": "-Lambda_I I <= D <= W_exact I <= W_upper I and diameter(D) <= K_gap_cert",
  "edge_list": [
    [
      0,
      1,
      1.4872768433379255
    ],
    [
      0,
      2,
      1.288548935820029
    ],
    [
      0,
      4,
      0.9378818731227988
    ],
    [
      0,
      5,
      0.6069535964727744
    ],
    [
      0,
      6,
      0.7413521450846823
    ],
    [
      0,
      7,
      0.6847315568344149
    ],
    [
      0,
      8,
      1.313827670155021
    ],
    [
      0,
      9,
      0.7559205051582261
    ],
    [
      0,
      14,
      0.8713871284423962
    ],
    [
      1,
      2,
      0.5167820523244507
    ],
    [
      1,
      3,
      0.8946685812986028
    ],
    [
      1,
      4,
      1.116727944407001
    ],
    [
      1,
      5,
      1.107330667571475
    ],
    [
      1,
      6,
      0.633987131799379
    ],
    [
      1,
      7,
      0.596108433528147
    ],
    [
      1,
      8,
      0.9601793074899578
    ],
    [
      1,
      11,
      1.4560959106658995
    ],
    [
      1,
      14,
      0.8750217556982995
    ],
    [
      2,
      5,
      0.9499042760845989
    ],
    [
      2,
      6,
      0.9491651627010732
    ],
    [
      2,
      10,
      1.1304904817854313
    ],
    [
      2,
      11,
      1.1110419644322422
    ],
    [
      2,
      12,
      0.6348542215741145
    ],
    [
      2,
      13,
      0.5648732203792199
    ],
    [
      2,
      14,
      0.9037796818421797
    ],
    [
      3,
      4,
      0.5698573965805651
    ],
    [
      3,
      6,
      0.781803622573441
    ],
    [
      3,
      11,
      0.6508642942337622
    ],
    [
      3,
      12,
      0.8406843204351936
    ],
    [
      3,
      13,
      0.9777832453535927
    ],
    [
      4,
      6,
      0.8064566682924059
    ],
    [
      4,
      10,
      0.9494050093469677
    ],
    [
      4,
      11,
      0.9342068942648959
    ],
    [
      4,
      13,
      0.9417312683502573
    ],
    [
      5,
      8,
      1.1533146577008697
    ],
    [
      5,
      9,
      0.5990468124718982
    ],
    [
      5,
      11,
      1.4267701067603875
    ],
    [
      5,
      12,
      0.5130334332992093
    ],
    [
      6,
      9,
      1.058559646367595
    ],
    [
      6,
      10,
      0.6848604196343501
    ],
    [
      7,
      10,
      1.0598308080361984
    ],
    [
      7,
      12,
      0.6666272313989051
    ],
    [
      7,
      13,
      0.5790076338324173
    ],
    [
      7,
      14,
      0.5197242267071202
    ],
    [
      8,
      13,
      1.2765365531354256
    ],
    [
      9,
      10,
      0.526713206286348
    ],
    [
      9,
      11,
      1.448750358457169
    ],
    [
      9,
      12,
      1.317899897100701
    ],
    [
      9,
      13,
      1.1498111548082233
    ],
    [
      9,
      14,
      1.3210322737007445
    ],
    [
      11,
      12,
      0.7769961567855893
    ],
    [
      12,
      13,
      0.6515605206881219
    ],
    [
      12,
      14,
      1.4987611450882692
    ],
    [
      13,
      14,
      0.8322703545067981
    ]
  ],
  "edge_payload_sha256": "733e10d49cb2668ae4892b4a030bd978ee7b7d9dd31f0afd3df8440ad8aa33e6",
  "edge_weight_hex": [
    "0x1.7cbe2cda3c089p+0",
    "0x1.49de57d2a4834p+0",
    "0x1.e0320d8925b47p-1",
    "0x1.36c29f2e148e2p-1",
    "0x1.7b928223ea93ap-1",
    "0x1.5e95227649345p-1",
    "0x1.5057029be54c0p+0",
    "0x1.830803300f8e0p-1",
    "0x1.be267425a181cp-1",
    "0x1.0897a83bc95b9p-1",
    "0x1.ca120012df57cp-1",
    "0x1.1de1e1efc1e36p+0",
    "0x1.1b7a05cb13cc1p+0",
    "0x1.4499f61a538bap-1",
    "0x1.31351fe5bf11ap-1",
    "0x1.eb9c9f47ee3b6p-1",
    "0x1.74c2b39c263d8p+0",
    "0x1.c002da0006806p-1",
    "0x1.e659da703a521p-1",
    "0x1.e5f8f9e89b753p-1",
    "0x1.2167d2ffb52c9p+0",
    "0x1.1c6d3f05b856ep+0",
    "0x1.450b9ccec6d71p-1",
    "0x1.2137100fd4746p-1",
    "0x1.cebc35e09a574p-1",
    "0x1.23c4594364fb4p-1",
    "0x1.9048907db1cbap-1",
    "0x1.4d3e15b3bc7b9p-1",
    "0x1.ae6e2cdd0eeb9p-1",
    "0x1.f4a0016abda85p-1",
    "0x1.9ce7e36fe9fc6p-1",
    "0x1.e61869d39b8bcp-1",
    "0x1.de505db52183bp-1",
    "0x1.e22a99ce5eb27p-1",
    "0x1.273fa120d29a8p+0",
    "0x1.32b64388ae008p-1",
    "0x1.6d40ce4372404p+0",
    "0x1.06ac51738ca5ap-1",
    "0x1.0efdc3d6039f1p+0",
    "0x1.5ea606614f099p-1",
    "0x1.0f511263cf08bp+0",
    "0x1.55502a1af66fdp-1",
    "0x1.2873b046e39f6p-1",
    "0x1.0a194b394abcbp-1",
    "0x1.46cb197bdd7f0p+0",
    "0x1.0dad5a76be098p-1",
    "0x1.72e14db1a44e3p+0",
    "0x1.5161e33d7303cp+0",
    "0x1.265a061a7a312p+0",
    "0x1.522f2bcc81560p+0",
    "0x1.8dd270b50609fp-1",
    "0x1.4d99572f70c00p-1",
    "0x1.7faecf76ab6cbp+0",
    "0x1.aa1f570412f4dp-1"
  ],
  "edge_weight_semantics": "archived binary64 values interpreted as exact dyadic rationals",
  "edge_weights_sum": 49.60279036420776,
  "edge_weights_sum_hex": "0x1.8cd283c124ee2p+5",
  "edge_weights_sum_semantics": "compatibility alias of W_model",
  "generation": {
    "attempts": 1,
    "rng_bit_generator": "PCG64",
    "seed": 8
  },
  "graph_model": {
    "acceptance_conditions": [
      "connected",
      "nondegenerate pinned optimum"
    ],
    "edge_weight_distribution": "independent uniform [0.5, 1.5)",
    "name": "Erdos-Renyi",
    "p": 0.5,
    "p_hex": "0x1.0000000000000p-1"
  },
  "graph_record_hash_scope": "SHA-256 of canonical JSON for every record field except graph_record_sha256",
  "graph_record_sha256": "9edb607ab083a311fe9fd8baa238f4ab766b9f66c837d509e7108754f595d586",
  "n_vertices": 15,
  "num_edges": 54,
  "provenance": {
    "repository": {
      "head": "cd99526a98bbb29fcec23fe075f17f34d9efa83f",
      "source_sha256": {
        "main.py": "a6cade752c8530480b3741b86a17762b16f83f42c3eb3e5951321a19af1c0b47",
        "maxcut_gap_benchmark.py": "addb3bac26421d3de0d2bf7858e599a4b9187e5a902564dec63be983816442b7"
      }
    },
    "software": {
      "numpy": "2.2.1",
      "python": "3.12.10",
      "scipy": "1.15.0"
    }
  },
  "record_type": "generated_weighted_graph_instance",
  "rounding_policy": "W_upper is the least binary64 >= W_exact; K_gap_cert is the least binary64 >= exact_binary64(W_upper)+Lambda_I",
  "row_key": {
    "N": 14,
    "seed": 8
  },
  "schema_version": 2
}
