{
  "K_gap_cert": 67.16068026754607,
  "K_gap_cert_denominator": 17592186044416,
  "K_gap_cert_exact": {
    "denominator": 17592186044416,
    "numerator": 1181503182136209
  },
  "K_gap_cert_hex": "0x1.0ca4895e38e44p+6",
  "K_gap_cert_numerator": 1181503182136209,
  "K_gap_exact": {
    "denominator": 9007199254740992,
    "numerator": 604929629253738919
  },
  "K_gap_exact_denominator": 9007199254740992,
  "K_gap_exact_numerator": 604929629253738919,
  "K_gap_from_W_upper_exact": {
    "denominator": 140737488355328,
    "numerator": 9452025457089671
  },
  "Lambda_I": 14,
  "N_effective_qubits": 14,
  "W_exact": {
    "denominator": 9007199254740992,
    "numerator": 478828839687365031
  },
  "W_exact_denominator": 9007199254740992,
  "W_exact_numerator": 478828839687365031,
  "W_model": 53.16068026754606,
  "W_model_hex": "0x1.a94912bc71c87p+5",
  "W_upper": 53.16068026754606,
  "W_upper_denominator": 140737488355328,
  "W_upper_exact": {
    "denominator": 140737488355328,
    "numerator": 7481700620115079
  },
  "W_upper_hex": "0x1.a94912bc71c87p+5",
  "W_upper_numerator": 7481700620115079,
  "analytic_inequality": "-Lambda_I I <= D <= W_exact I <= W_upper I and diameter(D) <= K_gap_cert",
  "edge_list": [
    [
      0,
      3,
      0.5448381756904188
    ],
    [
      0,
      5,
      1.218771376875471
    ],
    [
      0,
      6,
      0.9570096756088713
    ],
    [
      0,
      12,
      1.3891839058918611
    ],
    [
      0,
      13,
      0.731740127883814
    ],
    [
      1,
      3,
      1.408621181088692
    ],
    [
      1,
      4,
      1.4672877647887312
    ],
    [
      1,
      7,
      1.0877879902134988
    ],
    [
      1,
      8,
      1.3001386500129717
    ],
    [
      1,
      9,
      1.1726096996830127
    ],
    [
      1,
      10,
      0.7468697927557915
    ],
    [
      1,
      11,
      0.6720554662460733
    ],
    [
      1,
      12,
      0.7018032495433861
    ],
    [
      1,
      13,
      0.8428689983340756
    ],
    [
      1,
      14,
      0.9173494340146718
    ],
    [
      2,
      4,
      1.1239659944024076
    ],
    [
      2,
      5,
      0.5259677594455947
    ],
    [
      2,
      7,
      1.4762023745686403
    ],
    [
      2,
      11,
      1.3543881081245948
    ],
    [
      2,
      12,
      1.371318342042068
    ],
    [
      2,
      14,
      1.225215437601971
    ],
    [
      3,
      6,
      0.7007120166276026
    ],
    [
      3,
      7,
      0.8816769939266941
    ],
    [
      3,
      8,
      1.193078530037033
    ],
    [
      3,
      9,
      0.9649549235844033
    ],
    [
      3,
      11,
      0.7105368818281043
    ],
    [
      3,
      12,
      0.7612807124118393
    ],
    [
      3,
      13,
      0.7608724302424124
    ],
    [
      3,
      14,
      0.9572786139754772
    ],
    [
      4,
      5,
      1.1388979810541624
    ],
    [
      4,
      7,
      0.9652808325899911
    ],
    [
      4,
      9,
      1.1609435988086898
    ],
    [
      4,
      10,
      1.4350355883953334
    ],
    [
      5,
      8,
      0.7822371592525607
    ],
    [
      5,
      10,
      0.7096687068575955
    ],
    [
      5,
      13,
      0.6636929499610548
    ],
    [
      6,
      7,
      1.2248212220531633
    ],
    [
      6,
      9,
      0.7104763981469372
    ],
    [
      7,
      8,
      0.7857658238086906
    ],
    [
      7,
      14,
      1.1602349456479444
    ],
    [
      8,
      12,
      1.493718044455933
    ],
    [
      8,
      13,
      1.2811840039113287
    ],
    [
      8,
      14,
      1.0670541971196859
    ],
    [
      9,
      10,
      1.3044550758862976
    ],
    [
      9,
      11,
      1.4379253589021765
    ],
    [
      10,
      11,
      0.6991278914810429
    ],
    [
      10,
      12,
      0.6751339470168697
    ],
    [
      10,
      14,
      1.2065530814522711
    ],
    [
      11,
      12,
      1.0735554173266908
    ],
    [
      11,
      13,
      0.7536625746011814
    ],
    [
      12,
      13,
      1.3103062139972432
    ],
    [
      13,
      14,
      0.9545646473690323
    ]
  ],
  "edge_payload_sha256": "9190ba9a866174cd9e4b1448bfbd9caf1ec91dc2924b6a665ff1ee2a452f3169",
  "edge_weight_hex": [
    "0x1.16f5078467c1ep-1",
    "0x1.380166a4fb256p+0",
    "0x1.e9fd2c15642f0p-1",
    "0x1.63a18e73ef61cp+0",
    "0x1.76a6a45cdd1a0p-1",
    "0x1.689b65d13a945p+0",
    "0x1.77a02bc396aaap+0",
    "0x1.16794612f2d3ep+0",
    "0x1.4cd5e2f61240fp+0",
    "0x1.2c3026371c655p+0",
    "0x1.7e65b7ac8349cp-1",
    "0x1.5817a7713ff51p-1",
    "0x1.6752c16a07deap-1",
    "0x1.af8c867d5073cp-1",
    "0x1.d5aed33431ba7p-1",
    "0x1.1fbc3c43c6430p+0",
    "0x1.0d4ba56b23716p-1",
    "0x1.79e866190cc32p+0",
    "0x1.5ab92dd67c87cp+0",
    "0x1.5f0eb80779c28p+0",
    "0x1.39a7b80b0e070p+0",
    "0x1.66c3b9b6a8d68p-1",
    "0x1.c36b2abd19fadp-1",
    "0x1.316d9834119d9p+0",
    "0x1.ee0e925dd1818p-1",
    "0x1.6bcb7d7c1b679p-1",
    "0x1.85c695e5c4d42p-1",
    "0x1.85911238a36e8p-1",
    "0x1.ea206c285ea90p-1",
    "0x1.238ed16e1ba98p+0",
    "0x1.ee394a0edbfccp-1",
    "0x1.2933998562452p+0",
    "0x1.6f5e7e08c10b0p+0",
    "0x1.9081639169507p-1",
    "0x1.6b59b25de55e2p-1",
    "0x1.53cf8ff55644fp-1",
    "0x1.398de2342a436p+0",
    "0x1.6bc38ffd3defdp-1",
    "0x1.924fe5e725494p-1",
    "0x1.2905284b3bf86p+0",
    "0x1.7e644e4662206p+0",
    "0x1.47fbacc4f51e4p+0",
    "0x1.112a76bfb0475p+0",
    "0x1.4df0c4920868ap+0",
    "0x1.701be05692ebdp+0",
    "0x1.65f4174b43d93p-1",
    "0x1.59ab281db6b55p-1",
    "0x1.34e0a9a9b9bc4p+0",
    "0x1.12d4871fdc9cep+0",
    "0x1.81e00f9c43312p-1",
    "0x1.4f703a60dd1dep+0",
    "0x1.e8bcb28cbc4bep-1"
  ],
  "edge_weight_semantics": "archived binary64 values interpreted as exact dyadic rationals",
  "edge_weights_sum": 53.16068026754606,
  "edge_weights_sum_hex": "0x1.a94912bc71c87p+5",
  "edge_weights_sum_semantics": "compatibility alias of W_model",
  "generation": {
    "attempts": 1,
    "rng_bit_generator": "PCG64",
    "seed": 15
  },
  "graph_model": {
    "acceptance_conditions": [
      "connected",
      "nondegenerate pinned optimum"
    ],
    "edge_weight_distribution": "independent uniform [0.5, 1.5)",
    "name": "Erdos-Renyi",
    "p": 0.5,
    "p_hex": "0x1.0000000000000p-1"
  },
  "graph_record_hash_scope": "SHA-256 of canonical JSON for every record field except graph_record_sha256",
  "graph_record_sha256": "5063ddd961a112979aca261d603cfc2cd9123c1c427f5f5466d90ff521996046",
  "n_vertices": 15,
  "num_edges": 52,
  "provenance": {
    "repository": {
      "head": "cd99526a98bbb29fcec23fe075f17f34d9efa83f",
      "source_sha256": {
        "main.py": "a6cade752c8530480b3741b86a17762b16f83f42c3eb3e5951321a19af1c0b47",
        "maxcut_gap_benchmark.py": "addb3bac26421d3de0d2bf7858e599a4b9187e5a902564dec63be983816442b7"
      }
    },
    "software": {
      "numpy": "2.2.1",
      "python": "3.12.10",
      "scipy": "1.15.0"
    }
  },
  "record_type": "generated_weighted_graph_instance",
  "rounding_policy": "W_upper is the least binary64 >= W_exact; K_gap_cert is the least binary64 >= exact_binary64(W_upper)+Lambda_I",
  "row_key": {
    "N": 14,
    "seed": 15
  },
  "schema_version": 2
}
