{
  "K_gap_cert": 73.65971862216973,
  "K_gap_cert_denominator": 70368744177664,
  "K_gap_cert_exact": {
    "denominator": 70368744177664,
    "numerator": 5183341895922175
  },
  "K_gap_cert_hex": "0x1.26a38d474b1ffp+6",
  "K_gap_cert_numerator": 5183341895922175,
  "K_gap_exact": {
    "denominator": 1125899906842624,
    "numerator": 82933470334754793
  },
  "K_gap_exact_denominator": 1125899906842624,
  "K_gap_exact_numerator": 82933470334754793,
  "K_gap_from_W_upper_exact": {
    "denominator": 70368744177664,
    "numerator": 5183341895922175
  },
  "Lambda_I": 14,
  "N_effective_qubits": 14,
  "W_exact": {
    "denominator": 1125899906842624,
    "numerator": 67170871638958057
  },
  "W_exact_denominator": 1125899906842624,
  "W_exact_numerator": 67170871638958057,
  "W_model": 59.65971862216973,
  "W_model_hex": "0x1.dd471a8e963fdp+5",
  "W_upper": 59.659718622169734,
  "W_upper_denominator": 70368744177664,
  "W_upper_exact": {
    "denominator": 70368744177664,
    "numerator": 4198179477434879
  },
  "W_upper_hex": "0x1.dd471a8e963fep+5",
  "W_upper_numerator": 4198179477434879,
  "analytic_inequality": "-Lambda_I I <= D <= W_exact I <= W_upper I and diameter(D) <= K_gap_cert",
  "edge_list": [
    [
      0,
      4,
      0.5539307023816564
    ],
    [
      0,
      5,
      0.9084732054199987
    ],
    [
      0,
      6,
      0.5487577107271681
    ],
    [
      0,
      9,
      0.934947552225142
    ],
    [
      0,
      13,
      0.9930230187317426
    ],
    [
      1,
      2,
      1.0555961169207233
    ],
    [
      1,
      3,
      1.3796511733349222
    ],
    [
      1,
      4,
      1.179181533021365
    ],
    [
      1,
      6,
      1.3954482394141259
    ],
    [
      1,
      8,
      1.2074955673371774
    ],
    [
      1,
      9,
      1.0033639655536644
    ],
    [
      1,
      10,
      0.7032528361145648
    ],
    [
      1,
      11,
      1.3062153310270435
    ],
    [
      1,
      12,
      0.6490385835335558
    ],
    [
      1,
      14,
      1.298939490963134
    ],
    [
      2,
      3,
      0.8197846543182863
    ],
    [
      2,
      7,
      0.5145362803638133
    ],
    [
      2,
      9,
      1.34492680147361
    ],
    [
      2,
      10,
      1.4510229811957993
    ],
    [
      2,
      11,
      1.436442061842003
    ],
    [
      2,
      13,
      1.2414216700278127
    ],
    [
      3,
      5,
      0.7218885591644547
    ],
    [
      3,
      7,
      1.1922222746448299
    ],
    [
      3,
      9,
      1.2985233458061054
    ],
    [
      3,
      10,
      0.8904589137977216
    ],
    [
      3,
      12,
      1.213257864124452
    ],
    [
      4,
      8,
      1.2128902625665683
    ],
    [
      4,
      10,
      1.053250039793541
    ],
    [
      4,
      11,
      1.4585229997993716
    ],
    [
      4,
      12,
      0.9020845269377659
    ],
    [
      4,
      13,
      0.9201845346931304
    ],
    [
      5,
      8,
      1.4888610256190193
    ],
    [
      5,
      9,
      1.3232520180360314
    ],
    [
      5,
      10,
      0.9050986528611595
    ],
    [
      5,
      11,
      1.3580389311980174
    ],
    [
      5,
      13,
      1.0271064765570825
    ],
    [
      5,
      14,
      0.9917757000188362
    ],
    [
      6,
      8,
      1.3643755631011325
    ],
    [
      6,
      9,
      0.9471233215743733
    ],
    [
      6,
      10,
      0.5027452064082378
    ],
    [
      6,
      11,
      0.8416751841183406
    ],
    [
      6,
      14,
      0.9547598185825813
    ],
    [
      7,
      10,
      1.293654527758656
    ],
    [
      7,
      11,
      1.0940538823877075
    ],
    [
      8,
      10,
      0.5390655332558144
    ],
    [
      8,
      11,
      0.7136351343492325
    ],
    [
      8,
      12,
      0.5489655817529496
    ],
    [
      8,
      13,
      1.100947369400297
    ],
    [
      9,
      10,
      0.8664047989063822
    ],
    [
      9,
      11,
      1.1803417830461307
    ],
    [
      9,
      14,
      1.206774204473923
    ],
    [
      10,
      11,
      1.324001798642843
    ],
    [
      10,
      12,
      1.371013711841216
    ],
    [
      11,
      13,
      0.9943018992384532
    ],
    [
      11,
      14,
      0.5429925649046137
    ],
    [
      12,
      14,
      1.3331373261831119
    ],
    [
      13,
      14,
      1.056883810698336
    ]
  ],
  "edge_payload_sha256": "8239c1423ba3ccf31b1278bbbe3e97ce4d1331cf4793a5370925503342a97cd0",
  "edge_weight_hex": [
    "0x1.1b9cce15f5842p-1",
    "0x1.d123666524724p-1",
    "0x1.18f6c54a00851p-1",
    "0x1.deb1721090816p-1",
    "0x1.fc6d835b418d2p-1",
    "0x1.0e3b8c0ff5878p+0",
    "0x1.6130d1bd5c8c7p+0",
    "0x1.2dded7485fb86p+0",
    "0x1.653c18878b610p+0",
    "0x1.351e6df3c7346p+0",
    "0x1.00dc75fa09b12p+0",
    "0x1.6810c177dcd3dp-1",
    "0x1.4e6420c04b82ep+0",
    "0x1.4c4ec9043cd19p-1",
    "0x1.4c874c692b678p+0",
    "0x1.a3bad0701e91ap-1",
    "0x1.07714ca1893fdp-1",
    "0x1.584d1f73d7d17p+0",
    "0x1.73763df9fafa4p+0",
    "0x1.6fbaaabe35d08p+0",
    "0x1.3dcdcf8150ae4p+0",
    "0x1.719b6091ef8fdp-1",
    "0x1.31357a9f298adp+0",
    "0x1.4c6c06a75468ap+0",
    "0x1.c7ea3b1262c37p-1",
    "0x1.3698114007826p+0",
    "0x1.367ff9eb5c3a4p+0",
    "0x1.0da1cb6b6c887p+0",
    "0x1.7561c3689a244p+0",
    "0x1.cdde05ead9c59p-1",
    "0x1.d7226d65957d7p-1",
    "0x1.7d25ff05529cep+0",
    "0x1.52c0a4edd4ac8p+0",
    "0x1.cf691733627a0p-1",
    "0x1.5ba8707c30b62p+0",
    "0x1.06f07336528ccp+0",
    "0x1.fbca064918c8fp-1",
    "0x1.5d47b786fb1f7p+0",
    "0x1.e4ed5916e1b3cp-1",
    "0x1.0167d1d77d016p-1",
    "0x1.aef00cbb493e1p-1",
    "0x1.e8d64768b1b47p-1",
    "0x1.4b2cf1710bb66p+0",
    "0x1.1813ea4ceac2cp+0",
    "0x1.140065c778137p-1",
    "0x1.6d6195969cf03p-1",
    "0x1.19120448845e7p-1",
    "0x1.19d7afd231069p+0",
    "0x1.bb9968e8ccfd1p-1",
    "0x1.2e2ae10c4913dp+0",
    "0x1.34ef277ddf35ep+0",
    "0x1.52f1c8290424ep+0",
    "0x1.5efac12eb9c05p+0",
    "0x1.fd15237728e15p-1",
    "0x1.16031f1879130p-1",
    "0x1.55487ce10889ap+0",
    "0x1.0e8feffa9f078p+0"
  ],
  "edge_weight_semantics": "archived binary64 values interpreted as exact dyadic rationals",
  "edge_weights_sum": 59.65971862216973,
  "edge_weights_sum_hex": "0x1.dd471a8e963fdp+5",
  "edge_weights_sum_semantics": "compatibility alias of W_model",
  "generation": {
    "attempts": 1,
    "rng_bit_generator": "PCG64",
    "seed": 5
  },
  "graph_model": {
    "acceptance_conditions": [
      "connected",
      "nondegenerate pinned optimum"
    ],
    "edge_weight_distribution": "independent uniform [0.5, 1.5)",
    "name": "Erdos-Renyi",
    "p": 0.5,
    "p_hex": "0x1.0000000000000p-1"
  },
  "graph_record_hash_scope": "SHA-256 of canonical JSON for every record field except graph_record_sha256",
  "graph_record_sha256": "2209567083754b3d6b76e5bb5e4a86ebcac74824dd6cc6a9a2c29a76f2508236",
  "n_vertices": 15,
  "num_edges": 57,
  "provenance": {
    "repository": {
      "head": "cd99526a98bbb29fcec23fe075f17f34d9efa83f",
      "source_sha256": {
        "main.py": "a6cade752c8530480b3741b86a17762b16f83f42c3eb3e5951321a19af1c0b47",
        "maxcut_gap_benchmark.py": "addb3bac26421d3de0d2bf7858e599a4b9187e5a902564dec63be983816442b7"
      }
    },
    "software": {
      "numpy": "2.2.1",
      "python": "3.12.10",
      "scipy": "1.15.0"
    }
  },
  "record_type": "generated_weighted_graph_instance",
  "rounding_policy": "W_upper is the least binary64 >= W_exact; K_gap_cert is the least binary64 >= exact_binary64(W_upper)+Lambda_I",
  "row_key": {
    "N": 14,
    "seed": 5
  },
  "schema_version": 2
}
