{
  "K_gap_cert": 44.331671236045445,
  "K_gap_cert_denominator": 140737488355328,
  "K_gap_cert_exact": {
    "denominator": 140737488355328,
    "numerator": 6239128064355175
  },
  "K_gap_cert_hex": "0x1.62a7433fbeb67p+5",
  "K_gap_cert_numerator": 6239128064355175,
  "K_gap_exact": {
    "denominator": 9007199254740992,
    "numerator": 399304196118731163
  },
  "K_gap_exact_denominator": 9007199254740992,
  "K_gap_exact_numerator": 399304196118731163,
  "K_gap_from_W_upper_exact": {
    "denominator": 140737488355328,
    "numerator": 6239128064355175
  },
  "Lambda_I": 12,
  "N_effective_qubits": 12,
  "W_exact": {
    "denominator": 9007199254740992,
    "numerator": 291217805061839259
  },
  "W_exact_denominator": 9007199254740992,
  "W_exact_numerator": 291217805061839259,
  "W_model": 32.33167123604544,
  "W_model_hex": "0x1.02a7433fbeb66p+5",
  "W_upper": 32.331671236045445,
  "W_upper_denominator": 140737488355328,
  "W_upper_exact": {
    "denominator": 140737488355328,
    "numerator": 4550278204091239
  },
  "W_upper_hex": "0x1.02a7433fbeb67p+5",
  "W_upper_numerator": 4550278204091239,
  "analytic_inequality": "-Lambda_I I <= D <= W_exact I <= W_upper I and diameter(D) <= K_gap_cert",
  "edge_list": [
    [
      0,
      2,
      1.1031481500515619
    ],
    [
      0,
      8,
      0.9372480001295087
    ],
    [
      0,
      9,
      0.5651541973701075
    ],
    [
      0,
      10,
      1.330621436971257
    ],
    [
      1,
      2,
      1.2053337045894539
    ],
    [
      1,
      3,
      1.2407484828757487
    ],
    [
      1,
      4,
      1.2825909153281314
    ],
    [
      1,
      12,
      0.8701315451400075
    ],
    [
      2,
      4,
      1.2928578804972282
    ],
    [
      2,
      5,
      0.5622534974166634
    ],
    [
      2,
      6,
      1.4627815849171628
    ],
    [
      2,
      7,
      0.7260983273631714
    ],
    [
      2,
      8,
      1.123421641340796
    ],
    [
      2,
      10,
      1.4312374531430352
    ],
    [
      2,
      12,
      0.689332019428231
    ],
    [
      3,
      6,
      0.6693928130563392
    ],
    [
      3,
      10,
      1.2232085295481048
    ],
    [
      3,
      11,
      0.5073379944593611
    ],
    [
      3,
      12,
      1.2820426720607045
    ],
    [
      4,
      9,
      1.220603331913242
    ],
    [
      4,
      10,
      0.8772198036532683
    ],
    [
      4,
      11,
      0.6258225746251853
    ],
    [
      6,
      9,
      1.1677589371927475
    ],
    [
      6,
      10,
      1.1545173130155204
    ],
    [
      6,
      11,
      1.2484342317637624
    ],
    [
      7,
      8,
      1.2821561154739691
    ],
    [
      7,
      10,
      1.232929646729405
    ],
    [
      7,
      12,
      0.6290845435018905
    ],
    [
      8,
      11,
      0.7185536641978828
    ],
    [
      9,
      11,
      0.695639528766264
    ],
    [
      9,
      12,
      1.0816190067615734
    ],
    [
      11,
      12,
      0.8923916927641553
    ]
  ],
  "edge_payload_sha256": "ecfa061de87bd063dca695905509f4a9e8c127f44c9dd3f5c83ffea7575a729b",
  "edge_weight_hex": [
    "0x1.1a67eacb1d46ap+0",
    "0x1.dfdef8499864cp-1",
    "0x1.215be415cdb10p-1",
    "0x1.54a39b4325e83p+0",
    "0x1.3490bfe9fa6d4p+0",
    "0x1.3da1b14c83512p+0",
    "0x1.4857e0d37b24cp+0",
    "0x1.bd81e1c330457p-1",
    "0x1.4af8bbeb1c896p+0",
    "0x1.1fdfb0beeeb07p-1",
    "0x1.7678da9c6906ep+0",
    "0x1.73c328f36905ep-1",
    "0x1.1f988f892d678p+0",
    "0x1.6e6593e60f467p+0",
    "0x1.60f0205f0f4d9p-1",
    "0x1.56baa7a082433p-1",
    "0x1.392431b698ec9p+0",
    "0x1.03c1ce3c713f3p-1",
    "0x1.4833f2d493c20p+0",
    "0x1.387975bff4bcfp+0",
    "0x1.c122f440304bep-1",
    "0x1.406bd1063a35ap-1",
    "0x1.2af23fecdac50p+0",
    "0x1.278e72561144cp+0",
    "0x1.3f9962c4a1dacp+0",
    "0x1.483b621853bcap+0",
    "0x1.3ba146fef8bcap+0",
    "0x1.42175e8984f89p-1",
    "0x1.6fe644104d3f3p-1",
    "0x1.642add43b63fcp-1",
    "0x1.14e4fbb4c5e0cp+0",
    "0x1.c8e7905f49cb0p-1"
  ],
  "edge_weight_semantics": "archived binary64 values interpreted as exact dyadic rationals",
  "edge_weights_sum": 32.33167123604544,
  "edge_weights_sum_hex": "0x1.02a7433fbeb66p+5",
  "edge_weights_sum_semantics": "compatibility alias of W_model",
  "generation": {
    "attempts": 1,
    "rng_bit_generator": "PCG64",
    "seed": 9
  },
  "graph_model": {
    "acceptance_conditions": [
      "connected",
      "nondegenerate pinned optimum"
    ],
    "edge_weight_distribution": "independent uniform [0.5, 1.5)",
    "name": "Erdos-Renyi",
    "p": 0.5,
    "p_hex": "0x1.0000000000000p-1"
  },
  "graph_record_hash_scope": "SHA-256 of canonical JSON for every record field except graph_record_sha256",
  "graph_record_sha256": "c70a656308bcf216b8f8fb9949d4a68ce2f6d6c4bfcb6969b76ec0a34783159a",
  "n_vertices": 13,
  "num_edges": 32,
  "provenance": {
    "repository": {
      "head": "60ec3ad30931968819e5d02e590a47bcc02d2663",
      "source_sha256": {
        "main.py": "a6cade752c8530480b3741b86a17762b16f83f42c3eb3e5951321a19af1c0b47",
        "maxcut_gap_benchmark.py": "addb3bac26421d3de0d2bf7858e599a4b9187e5a902564dec63be983816442b7"
      }
    },
    "software": {
      "numpy": "2.2.1",
      "python": "3.12.10",
      "scipy": "1.15.0"
    }
  },
  "record_type": "generated_weighted_graph_instance",
  "rounding_policy": "W_upper is the least binary64 >= W_exact; K_gap_cert is the least binary64 >= exact_binary64(W_upper)+Lambda_I",
  "row_key": {
    "N": 12,
    "seed": 9
  },
  "schema_version": 2
}
