{
  "K_gap_cert": 35.20315358785803,
  "K_gap_cert_denominator": 140737488355328,
  "K_gap_cert_exact": {
    "denominator": 140737488355328,
    "numerator": 4954403418141993
  },
  "K_gap_cert_hex": "0x1.19a00efcff529p+5",
  "K_gap_cert_numerator": 4954403418141993,
  "K_gap_exact": {
    "denominator": 4503599627370496,
    "numerator": 158540909380543753
  },
  "K_gap_exact_denominator": 4503599627370496,
  "K_gap_exact_numerator": 158540909380543753,
  "K_gap_from_W_upper_exact": {
    "denominator": 281474976710656,
    "numerator": 9908806836283985
  },
  "Lambda_I": 10,
  "N_effective_qubits": 10,
  "W_exact": {
    "denominator": 4503599627370496,
    "numerator": 113504913106838793
  },
  "W_exact_denominator": 4503599627370496,
  "W_exact_numerator": 113504913106838793,
  "W_model": 25.20315358785803,
  "W_model_hex": "0x1.93401df9fea51p+4",
  "W_upper": 25.20315358785803,
  "W_upper_denominator": 281474976710656,
  "W_upper_exact": {
    "denominator": 281474976710656,
    "numerator": 7094057069177425
  },
  "W_upper_hex": "0x1.93401df9fea51p+4",
  "W_upper_numerator": 7094057069177425,
  "analytic_inequality": "-Lambda_I I <= D <= W_exact I <= W_upper I and diameter(D) <= K_gap_cert",
  "edge_list": [
    [
      0,
      2,
      0.8690672397953783
    ],
    [
      0,
      3,
      1.4874449901864666
    ],
    [
      0,
      6,
      1.1799176611640223
    ],
    [
      0,
      7,
      0.5517292319837752
    ],
    [
      0,
      9,
      1.4787675621852967
    ],
    [
      1,
      3,
      0.7074392662069747
    ],
    [
      1,
      5,
      1.1274679337030737
    ],
    [
      1,
      6,
      0.6863363186778295
    ],
    [
      1,
      7,
      1.259466576822335
    ],
    [
      1,
      9,
      1.3661860785148758
    ],
    [
      1,
      10,
      0.9396577575122896
    ],
    [
      2,
      4,
      0.9180541658838901
    ],
    [
      2,
      6,
      1.0392471125052047
    ],
    [
      2,
      8,
      1.3947901878877844
    ],
    [
      2,
      9,
      0.8120410174093324
    ],
    [
      3,
      4,
      1.3666551219109142
    ],
    [
      3,
      7,
      0.7388055945544003
    ],
    [
      3,
      9,
      0.5053131586276288
    ],
    [
      4,
      7,
      0.7519549749279588
    ],
    [
      4,
      9,
      0.7742705683183729
    ],
    [
      4,
      10,
      0.918342830892918
    ],
    [
      6,
      7,
      0.9496591089532236
    ],
    [
      8,
      9,
      1.026319663105829
    ],
    [
      8,
      10,
      1.0728201413141325
    ],
    [
      9,
      10,
      1.2813993248141204
    ]
  ],
  "edge_payload_sha256": "0a0f3f94a8ec78ecb21089bee1511476be131dbd8ae6ae601b24ffacfd42401e",
  "edge_weight_hex": [
    "0x1.bcf66199e46c6p-1",
    "0x1.7cc931e3732dap+0",
    "0x1.2e0f1576ac1aep+0",
    "0x1.1a7c40ff3c2a8p-1",
    "0x1.7a9082cdf8b3fp+0",
    "0x1.6a357ac087c79p-1",
    "0x1.20a1bd0e8b1c2p+0",
    "0x1.5f6779558e7eep-1",
    "0x1.426c66cddb646p+0",
    "0x1.5dbe5eef78cd2p+0",
    "0x1.e11ad253e55dfp-1",
    "0x1.d60b3214db116p-1",
    "0x1.0a0c1948ac1b0p+0",
    "0x1.6510f841c27dap+0",
    "0x1.9fc3d719913a8p-1",
    "0x1.5ddd1c2d84ad5p+0",
    "0x1.7a44ba156d0c6p-1",
    "0x1.02b868051697bp-1",
    "0x1.81003e12c29a4p-1",
    "0x1.8c6d31225d90dp-1",
    "0x1.d631081266fc0p-1",
    "0x1.e639b7fe9aedep-1",
    "0x1.06bce2ac48018p+0",
    "0x1.12a4573d6f2e2p+0",
    "0x1.4809c9413170ep+0"
  ],
  "edge_weight_semantics": "archived binary64 values interpreted as exact dyadic rationals",
  "edge_weights_sum": 25.20315358785803,
  "edge_weights_sum_hex": "0x1.93401df9fea51p+4",
  "edge_weights_sum_semantics": "compatibility alias of W_model",
  "generation": {
    "attempts": 1,
    "rng_bit_generator": "PCG64",
    "seed": 6
  },
  "graph_model": {
    "acceptance_conditions": [
      "connected",
      "nondegenerate pinned optimum"
    ],
    "edge_weight_distribution": "independent uniform [0.5, 1.5)",
    "name": "Erdos-Renyi",
    "p": 0.5,
    "p_hex": "0x1.0000000000000p-1"
  },
  "graph_record_hash_scope": "SHA-256 of canonical JSON for every record field except graph_record_sha256",
  "graph_record_sha256": "0cddf8c9452264dc11e52b4e60ce0b56fea48703dab9fdb91775f6f8da253e52",
  "n_vertices": 11,
  "num_edges": 25,
  "provenance": {
    "repository": {
      "head": "60ec3ad30931968819e5d02e590a47bcc02d2663",
      "source_sha256": {
        "main.py": "a6cade752c8530480b3741b86a17762b16f83f42c3eb3e5951321a19af1c0b47",
        "maxcut_gap_benchmark.py": "addb3bac26421d3de0d2bf7858e599a4b9187e5a902564dec63be983816442b7"
      }
    },
    "software": {
      "numpy": "2.2.1",
      "python": "3.12.10",
      "scipy": "1.15.0"
    }
  },
  "record_type": "generated_weighted_graph_instance",
  "rounding_policy": "W_upper is the least binary64 >= W_exact; K_gap_cert is the least binary64 >= exact_binary64(W_upper)+Lambda_I",
  "row_key": {
    "N": 10,
    "seed": 6
  },
  "schema_version": 2
}
