{
  "K_gap_cert": 32.06359357562246,
  "K_gap_cert_denominator": 4398046511104,
  "K_gap_cert_exact": {
    "denominator": 4398046511104,
    "numerator": 141017175858723
  },
  "K_gap_cert_hex": "0x1.00823d593c460p+5",
  "K_gap_cert_numerator": 141017175858723,
  "K_gap_exact": {
    "denominator": 9007199254740992,
    "numerator": 288803176158664679
  },
  "K_gap_exact_denominator": 9007199254740992,
  "K_gap_exact_numerator": 288803176158664679,
  "K_gap_from_W_upper_exact": {
    "denominator": 4398046511104,
    "numerator": 141017175858723
  },
  "Lambda_I": 10,
  "N_effective_qubits": 10,
  "W_exact": {
    "denominator": 9007199254740992,
    "numerator": 198731183611254759
  },
  "W_exact_denominator": 9007199254740992,
  "W_exact_numerator": 198731183611254759,
  "W_model": 22.06359357562246,
  "W_model_hex": "0x1.61047ab2788bfp+4",
  "W_upper": 22.063593575622463,
  "W_upper_denominator": 4398046511104,
  "W_upper_exact": {
    "denominator": 4398046511104,
    "numerator": 97036710747683
  },
  "W_upper_hex": "0x1.61047ab2788c0p+4",
  "W_upper_numerator": 97036710747683,
  "analytic_inequality": "-Lambda_I I <= D <= W_exact I <= W_upper I and diameter(D) <= K_gap_cert",
  "edge_list": [
    [
      0,
      2,
      1.202739305582055
    ],
    [
      0,
      8,
      1.072458938182647
    ],
    [
      0,
      10,
      1.146876042708874
    ],
    [
      1,
      3,
      1.0071825303221233
    ],
    [
      1,
      4,
      1.1501941808471887
    ],
    [
      1,
      6,
      0.9628307892844336
    ],
    [
      1,
      9,
      1.1682907458007323
    ],
    [
      1,
      10,
      0.6537964178859129
    ],
    [
      2,
      4,
      0.5294668388209255
    ],
    [
      2,
      10,
      1.2546326212128582
    ],
    [
      3,
      4,
      1.323890111667126
    ],
    [
      3,
      6,
      0.6839672051842781
    ],
    [
      3,
      7,
      1.3188733824372005
    ],
    [
      3,
      9,
      1.154422669468805
    ],
    [
      4,
      8,
      0.5470678041963568
    ],
    [
      4,
      9,
      0.5748066577051414
    ],
    [
      5,
      7,
      1.4484711055139605
    ],
    [
      5,
      8,
      0.9659160677931732
    ],
    [
      6,
      8,
      1.3934891643106164
    ],
    [
      6,
      9,
      1.3029993573408467
    ],
    [
      7,
      8,
      0.5535630163205744
    ],
    [
      7,
      10,
      0.6476586230366302
    ]
  ],
  "edge_payload_sha256": "d4a59cb2d263d41f207838cf51bd84e1b5ff2cd1051f1e18ad9faf75adce0db1",
  "edge_weight_hex": [
    "0x1.33e6b91f16b38p+0",
    "0x1.128cab41cc1f7p+0",
    "0x1.2599ab180021ap+0",
    "0x1.01d6b6dcd6074p+0",
    "0x1.26732036c9c68p+0",
    "0x1.ecf8283f1df4fp-1",
    "0x1.2b151a316f001p+0",
    "0x1.4ebe67721fb75p-1",
    "0x1.0f16470a1ad15p-1",
    "0x1.412f9a7c9a9e9p+0",
    "0x1.52ea765d1bac1p+0",
    "0x1.5e30f3139b225p-1",
    "0x1.51a1af9d21f72p+0",
    "0x1.27883e7b21293p+0",
    "0x1.1819456f6f8e8p-1",
    "0x1.264d0ee8bbb96p-1",
    "0x1.72cf009b62283p+0",
    "0x1.ee8c8d03b487bp-1",
    "0x1.64bbb4b40b624p+0",
    "0x1.4d915daa7cea9p+0",
    "0x1.1b6c9c96be745p-1",
    "0x1.4b99e939d4561p-1"
  ],
  "edge_weight_semantics": "archived binary64 values interpreted as exact dyadic rationals",
  "edge_weights_sum": 22.06359357562246,
  "edge_weights_sum_hex": "0x1.61047ab2788bfp+4",
  "edge_weights_sum_semantics": "compatibility alias of W_model",
  "generation": {
    "attempts": 1,
    "rng_bit_generator": "PCG64",
    "seed": 14
  },
  "graph_model": {
    "acceptance_conditions": [
      "connected",
      "nondegenerate pinned optimum"
    ],
    "edge_weight_distribution": "independent uniform [0.5, 1.5)",
    "name": "Erdos-Renyi",
    "p": 0.5,
    "p_hex": "0x1.0000000000000p-1"
  },
  "graph_record_hash_scope": "SHA-256 of canonical JSON for every record field except graph_record_sha256",
  "graph_record_sha256": "6b5d745c71651c812c3309bbe77680e1b385311ad0aa8eb705c15f42c2dda977",
  "n_vertices": 11,
  "num_edges": 22,
  "provenance": {
    "repository": {
      "head": "60ec3ad30931968819e5d02e590a47bcc02d2663",
      "source_sha256": {
        "main.py": "a6cade752c8530480b3741b86a17762b16f83f42c3eb3e5951321a19af1c0b47",
        "maxcut_gap_benchmark.py": "addb3bac26421d3de0d2bf7858e599a4b9187e5a902564dec63be983816442b7"
      }
    },
    "software": {
      "numpy": "2.2.1",
      "python": "3.12.10",
      "scipy": "1.15.0"
    }
  },
  "record_type": "generated_weighted_graph_instance",
  "rounding_policy": "W_upper is the least binary64 >= W_exact; K_gap_cert is the least binary64 >= exact_binary64(W_upper)+Lambda_I",
  "row_key": {
    "N": 10,
    "seed": 14
  },
  "schema_version": 2
}
