{
  "K_gap_cert": 32.40630069731798,
  "K_gap_cert_denominator": 140737488355328,
  "K_gap_cert_exact": {
    "denominator": 140737488355328,
    "numerator": 4560781367028047
  },
  "K_gap_cert_hex": "0x1.03401a947a94fp+5",
  "K_gap_cert_numerator": 4560781367028047,
  "K_gap_exact": {
    "denominator": 9007199254740992,
    "numerator": 291890007489794995
  },
  "K_gap_exact_denominator": 9007199254740992,
  "K_gap_exact_numerator": 291890007489794995,
  "K_gap_from_W_upper_exact": {
    "denominator": 140737488355328,
    "numerator": 4560781367028047
  },
  "Lambda_I": 10,
  "N_effective_qubits": 10,
  "W_exact": {
    "denominator": 9007199254740992,
    "numerator": 201818014942385075
  },
  "W_exact_denominator": 9007199254740992,
  "W_exact_numerator": 201818014942385075,
  "W_model": 22.40630069731798,
  "W_model_hex": "0x1.66803528f529ep+4",
  "W_upper": 22.40630069731798,
  "W_upper_denominator": 140737488355328,
  "W_upper_exact": {
    "denominator": 140737488355328,
    "numerator": 3153406483474767
  },
  "W_upper_hex": "0x1.66803528f529ep+4",
  "W_upper_numerator": 3153406483474767,
  "analytic_inequality": "-Lambda_I I <= D <= W_exact I <= W_upper I and diameter(D) <= K_gap_cert",
  "edge_list": [
    [
      0,
      4,
      0.5771994577184214
    ],
    [
      0,
      7,
      1.4104071780658378
    ],
    [
      0,
      9,
      1.3136611230389796
    ],
    [
      0,
      10,
      0.9382800473034214
    ],
    [
      1,
      3,
      1.0177497071869772
    ],
    [
      1,
      4,
      1.3140065192501118
    ],
    [
      1,
      5,
      0.7482791948866719
    ],
    [
      2,
      3,
      1.0989776523667714
    ],
    [
      2,
      5,
      0.7231014949939203
    ],
    [
      2,
      10,
      1.2392297121947433
    ],
    [
      3,
      4,
      0.5739618737914052
    ],
    [
      3,
      7,
      1.2326514668471766
    ],
    [
      3,
      8,
      0.6247213333059113
    ],
    [
      4,
      10,
      0.7677700742588114
    ],
    [
      5,
      8,
      1.059464535610549
    ],
    [
      5,
      9,
      0.5016647948525158
    ],
    [
      5,
      10,
      0.8998988932189942
    ],
    [
      6,
      8,
      1.4285460335053835
    ],
    [
      7,
      8,
      1.2913043338720918
    ],
    [
      7,
      9,
      0.8206403846444068
    ],
    [
      8,
      9,
      0.9609252157924165
    ],
    [
      8,
      10,
      0.5372372804894671
    ],
    [
      9,
      10,
      1.3266223901229943
    ]
  ],
  "edge_payload_sha256": "0c51dd7c0521c544b7c48720b46b35497beea51c27e21828c49873aeaaab2891",
  "edge_weight_hex": [
    "0x1.2786aff456cfep-1",
    "0x1.691071dfd61fcp+0",
    "0x1.504c18697aa30p+0",
    "0x1.e0663e0b50a78p-1",
    "0x1.048b3eabe1b36p+0",
    "0x1.5062bb32e8f76p+0",
    "0x1.7f1e735ca184dp-1",
    "0x1.19569973f33c6p+0",
    "0x1.723a5bf1600c8p-1",
    "0x1.3d3e288e1ba05p+0",
    "0x1.25de54aa2b808p-1",
    "0x1.3b8f0be9799d0p+0",
    "0x1.3fdb797f5326bp-1",
    "0x1.891928bf94032p-1",
    "0x1.0f39115bb8194p+0",
    "0x1.00da353ee467dp-1",
    "0x1.ccbf8c382a130p-1",
    "0x1.6db5315ebc73dp+0",
    "0x1.4a92ebbb29e83p+0",
    "0x1.a42af9fba6306p-1",
    "0x1.ebfe63cf75d91p-1",
    "0x1.1310c3cbc9d9dp-1",
    "0x1.539d8663b838ap+0"
  ],
  "edge_weight_semantics": "archived binary64 values interpreted as exact dyadic rationals",
  "edge_weights_sum": 22.40630069731798,
  "edge_weights_sum_hex": "0x1.66803528f529ep+4",
  "edge_weights_sum_semantics": "compatibility alias of W_model",
  "generation": {
    "attempts": 1,
    "rng_bit_generator": "PCG64",
    "seed": 13
  },
  "graph_model": {
    "acceptance_conditions": [
      "connected",
      "nondegenerate pinned optimum"
    ],
    "edge_weight_distribution": "independent uniform [0.5, 1.5)",
    "name": "Erdos-Renyi",
    "p": 0.5,
    "p_hex": "0x1.0000000000000p-1"
  },
  "graph_record_hash_scope": "SHA-256 of canonical JSON for every record field except graph_record_sha256",
  "graph_record_sha256": "b228188350a0fbd2580a74d21212cde571fcacf003fdec82e41ea76a4b60515f",
  "n_vertices": 11,
  "num_edges": 23,
  "provenance": {
    "repository": {
      "head": "60ec3ad30931968819e5d02e590a47bcc02d2663",
      "source_sha256": {
        "main.py": "a6cade752c8530480b3741b86a17762b16f83f42c3eb3e5951321a19af1c0b47",
        "maxcut_gap_benchmark.py": "addb3bac26421d3de0d2bf7858e599a4b9187e5a902564dec63be983816442b7"
      }
    },
    "software": {
      "numpy": "2.2.1",
      "python": "3.12.10",
      "scipy": "1.15.0"
    }
  },
  "record_type": "generated_weighted_graph_instance",
  "rounding_policy": "W_upper is the least binary64 >= W_exact; K_gap_cert is the least binary64 >= exact_binary64(W_upper)+Lambda_I",
  "row_key": {
    "N": 10,
    "seed": 13
  },
  "schema_version": 2
}
