{
  "K_gap_cert": 65.40752083304793,
  "K_gap_cert_denominator": 35184372088832,
  "K_gap_cert_exact": {
    "denominator": 35184372088832,
    "numerator": 2301322550397989
  },
  "K_gap_cert_hex": "0x1.05a14d242984ap+6",
  "K_gap_cert_numerator": 2301322550397989,
  "K_gap_exact": {
    "denominator": 140737488355328,
    "numerator": 9205290201591955
  },
  "K_gap_exact_denominator": 140737488355328,
  "K_gap_exact_numerator": 9205290201591955,
  "K_gap_from_W_upper_exact": {
    "denominator": 140737488355328,
    "numerator": 9205290201591955
  },
  "Lambda_I": 14,
  "N_effective_qubits": 14,
  "W_exact": {
    "denominator": 140737488355328,
    "numerator": 7234965364617363
  },
  "W_exact_denominator": 140737488355328,
  "W_exact_numerator": 7234965364617363,
  "W_model": 51.40752083304792,
  "W_model_hex": "0x1.9b429a4853093p+5",
  "W_upper": 51.40752083304792,
  "W_upper_denominator": 140737488355328,
  "W_upper_exact": {
    "denominator": 140737488355328,
    "numerator": 7234965364617363
  },
  "W_upper_hex": "0x1.9b429a4853093p+5",
  "W_upper_numerator": 7234965364617363,
  "analytic_inequality": "-Lambda_I I <= D <= W_exact I <= W_upper I and diameter(D) <= K_gap_cert",
  "edge_list": [
    [
      0,
      1,
      1.4467529428594246
    ],
    [
      0,
      2,
      0.6792914104181076
    ],
    [
      0,
      3,
      0.7305412465899059
    ],
    [
      0,
      5,
      1.3963093737046806
    ],
    [
      0,
      7,
      1.0414661617187941
    ],
    [
      0,
      8,
      0.7579549587609903
    ],
    [
      0,
      9,
      0.9536161218532765
    ],
    [
      0,
      10,
      1.4275167008723262
    ],
    [
      0,
      11,
      0.6878902107845379
    ],
    [
      1,
      3,
      1.4366961249291337
    ],
    [
      1,
      6,
      0.7193899345083382
    ],
    [
      1,
      10,
      0.6343517372983926
    ],
    [
      1,
      12,
      1.445600681298606
    ],
    [
      1,
      13,
      1.100110285529601
    ],
    [
      1,
      14,
      0.8238950521340761
    ],
    [
      2,
      3,
      1.2803828012931047
    ],
    [
      2,
      11,
      0.722213898290922
    ],
    [
      2,
      14,
      1.300778001108104
    ],
    [
      3,
      6,
      1.398157197508679
    ],
    [
      3,
      8,
      1.1867601140293602
    ],
    [
      3,
      10,
      0.7911071485409982
    ],
    [
      3,
      13,
      0.9044728372039633
    ],
    [
      4,
      7,
      1.3917368501350285
    ],
    [
      4,
      9,
      0.7106288426564963
    ],
    [
      4,
      10,
      0.5773905017877833
    ],
    [
      4,
      12,
      1.1917732643122774
    ],
    [
      4,
      13,
      1.3712098784014852
    ],
    [
      5,
      8,
      0.6930171902599044
    ],
    [
      5,
      10,
      1.0213416066410423
    ],
    [
      5,
      11,
      0.6083937958914211
    ],
    [
      5,
      14,
      1.2945913891124674
    ],
    [
      6,
      10,
      0.6501296401251913
    ],
    [
      6,
      11,
      0.5070799440904429
    ],
    [
      6,
      12,
      1.2511387964878882
    ],
    [
      6,
      14,
      1.2209288606268904
    ],
    [
      7,
      10,
      0.9855180706721348
    ],
    [
      7,
      12,
      1.252583889948201
    ],
    [
      7,
      13,
      0.5351862323699359
    ],
    [
      8,
      9,
      0.6966677102688751
    ],
    [
      8,
      10,
      0.510234168204374
    ],
    [
      8,
      11,
      1.4213472356634989
    ],
    [
      8,
      13,
      0.5065822217742604
    ],
    [
      9,
      10,
      1.353802446326371
    ],
    [
      9,
      12,
      0.5737479983319435
    ],
    [
      9,
      14,
      0.6501784227697682
    ],
    [
      10,
      11,
      0.7615028423016145
    ],
    [
      10,
      12,
      1.2933686029515843
    ],
    [
      10,
      13,
      1.495800034928783
    ],
    [
      10,
      14,
      0.7944745153133757
    ],
    [
      11,
      13,
      1.2695344680046012
    ],
    [
      11,
      14,
      0.9059366082852848
    ],
    [
      12,
      14,
      1.0464398631696714
    ]
  ],
  "edge_payload_sha256": "8a5c32b128d6dba2c932d5ce046ebf80f263b6424a40e24936c600bc2328e201",
  "edge_weight_hex": [
    "0x1.725e669ef9159p+0",
    "0x1.5bcc157066230p-1",
    "0x1.76098094f726cp-1",
    "0x1.657487f728ebap+0",
    "0x1.0a9d86c0790dep+0",
    "0x1.8412ac1f705ffp-1",
    "0x1.e8405f5098aa3p-1",
    "0x1.6d71bc08bd8e8p+0",
    "0x1.6033254d1dc42p-1",
    "0x1.6fcb5136dc4dap+0",
    "0x1.7053e0a391ddbp-1",
    "0x1.44c9c03bb6fa7p-1",
    "0x1.7212e2e140b99p+0",
    "0x1.19a0d3e257c59p+0",
    "0x1.a5d59280810f9p-1",
    "0x1.47c72ad1ea2d2p+0",
    "0x1.71c60523c09abp-1",
    "0x1.4cffc97e1d954p+0",
    "0x1.65eda14df77f8p+0",
    "0x1.2fcf82c5f40dap+0",
    "0x1.950bff053b15ep-1",
    "0x1.cf17104fd29d1p-1",
    "0x1.6448ddbff7ceep+0",
    "0x1.6bd78b2d9ba37p-1",
    "0x1.279fba54662c9p-1",
    "0x1.31180d7a77e8cp+0",
    "0x1.5f079c4fafbf8p+0",
    "0x1.62d3262f76d5bp-1",
    "0x1.0576a4be913f6p+0",
    "0x1.377f6440e2cabp-1",
    "0x1.4b6a575debd79p+0",
    "0x1.4cddcaccfef2cp-1",
    "0x1.039ffb80a6e45p-1",
    "0x1.404aa1d5ac1a8p+0",
    "0x1.388ecb372291cp+0",
    "0x1.f895d3164ec39p-1",
    "0x1.40a9567ad2f0cp+0",
    "0x1.1203ee0a98beep-1",
    "0x1.64b1a14f916b5p-1",
    "0x1.053d69b37aa63p-1",
    "0x1.6bdd69956f4aap+0",
    "0x1.035ebeb682ccap-1",
    "0x1.5a92cc1037706p+0",
    "0x1.25c24c31f65a9p-1",
    "0x1.4ce42facb8d72p-1",
    "0x1.85e3b356fe329p-1",
    "0x1.4b1a346b59aaep+0",
    "0x1.7eecc0475ff1ap+0",
    "0x1.96c55d198d844p-1",
    "0x1.450035fd397a3p+0",
    "0x1.cfd6ec51ab3e7p-1",
    "0x1.0be37b9d8b615p+0"
  ],
  "edge_weight_semantics": "archived binary64 values interpreted as exact dyadic rationals",
  "edge_weights_sum": 51.40752083304792,
  "edge_weights_sum_hex": "0x1.9b429a4853093p+5",
  "edge_weights_sum_semantics": "compatibility alias of W_model",
  "generation": {
    "attempts": 1,
    "rng_bit_generator": "PCG64",
    "seed": 12
  },
  "graph_model": {
    "acceptance_conditions": [
      "connected",
      "nondegenerate pinned optimum"
    ],
    "edge_weight_distribution": "independent uniform [0.5, 1.5)",
    "name": "Erdos-Renyi",
    "p": 0.5,
    "p_hex": "0x1.0000000000000p-1"
  },
  "graph_record_hash_scope": "SHA-256 of canonical JSON for every record field except graph_record_sha256",
  "graph_record_sha256": "548f4a06eec40e84a45615abb483b0e61fa8c6508eab72d5122423b668dd63af",
  "n_vertices": 15,
  "num_edges": 52,
  "provenance": {
    "repository": {
      "head": "cd99526a98bbb29fcec23fe075f17f34d9efa83f",
      "source_sha256": {
        "main.py": "a6cade752c8530480b3741b86a17762b16f83f42c3eb3e5951321a19af1c0b47",
        "maxcut_gap_benchmark.py": "addb3bac26421d3de0d2bf7858e599a4b9187e5a902564dec63be983816442b7"
      }
    },
    "software": {
      "numpy": "2.2.1",
      "python": "3.12.10",
      "scipy": "1.15.0"
    }
  },
  "record_type": "generated_weighted_graph_instance",
  "rounding_policy": "W_upper is the least binary64 >= W_exact; K_gap_cert is the least binary64 >= exact_binary64(W_upper)+Lambda_I",
  "row_key": {
    "N": 14,
    "seed": 12
  },
  "schema_version": 2
}
